Region,County,Municipality,Client,Site Name,Site ID,PF Name,PF ID,Active Facility,Application Type,Permit Type,General Permit Type,Disposition Code,Date Received,Date Disposed,Date Expires,Permit Hyperlink
Northcentral,Bradford,Asylum Township,HAMILTON LIBERTY LLC,HAMILTON LIBERTY LLC,753377,HAMILTON LIBERTY LLC/HAMILTON LIBERTY LLC,745923,Y,Renewal,Title V Operating Permit,,ISSU,2022-10-19 00:00:00,2023-10-16 00:00:00,2028-10-15 00:00:00,1414543[08-00045]_Issued_v1.pdf
Northcentral,Bradford,North Towanda Township,DUPONT SPECIALTY PROD USA LLC,QNITY TOWANDA,249437,QNITY ELECTRONICS INC/TOWANDA PLT,256580,Y,Modification,Title V Operating Permit,,ISSU,2023-05-19 00:00:00,2023-10-26 00:00:00,2027-08-25 00:00:00,1441836[08-00002]_Issued_v1.pdf
Northcentral,Bradford,Sayre Borough,RYNONE MFG CORP,RYNONE MFG,2854,RYNONE MFG CORP/SAYRE PLT,3850,Y,Renewal,Title V Operating Permit,,ISSU,2020-11-06 00:00:00,2021-05-05 00:00:00,2026-05-04 00:00:00,1332891[08-00004]_Issued_v1.pdf
Northcentral,Bradford,West Burlington Township,NORTHERN TIER SWA,BRADFORD CNTY LDFL 2,242356,NTSWA/BRADFORD CNTY LDFL 101243,510005,Y,Renewal,Title V Operating Permit,,ISSU,2020-07-23 00:00:00,2021-09-16 00:00:00,2026-09-15 00:00:00,1322152[08-00017]_Issued_v1.pdf
Northcentral,Bradford,Wysox Township,WOODGRAIN INC,WOODGRAIN FIBER DIV PA,259347,WOODGRAIN INC/FIBER DIV PA,274625,Y,Amendment,Title V Operating Permit,,ISSU,2025-02-14 00:00:00,2025-03-19 00:00:00,2026-03-07 00:00:00,1517001[08-00003]_Issued_v1.pdf
Northcentral,Centre,Benner Township,CON LIME INC,CON LIME BELLEFONTE FAC,247917,CON LIME INC/BELLEFONTE,254080,N,New,Title V Operating Permit,,ISSU,1995-11-09 00:00:00,1998-04-01 00:00:00,2003-03-31 00:00:00,354603[14-00004]_Issued_v1.pdf
Northcentral,Centre,College Township,CORNING ASAHI VIDEO PROD CO,CORNING ASAHI VIDEO - STATE COLL PICTURE TUBE PLT,249392,CORNING ASAHI VIDEO PROD CO/STATE COLLEGE,256498,N,New,Title V Operating Permit,,ISSU,1995-08-01 00:00:00,2000-10-30 00:00:00,2005-10-29 00:00:00,355279[14-00001]_Issued_v1.pdf
Northcentral,Centre,Spring Township,GRAYMONT PA INC,GRAYMONT PA INC BELLEFONTE FAC,461582,GRAYMONT PA INC/PLEASANT GAP & CON-LIME & BELLEFONTE PLTS,491102,Y,"Modification, Significant",Title V Operating Permit,,ISSU,2022-05-18 00:00:00,2023-01-11 00:00:00,,1397000[14-00002]_Issued_v1.pdf
Northcentral,Centre,Spring Township,GRAYMONT PA INC,GRAYMONT PA PLEASANT GAP PLT,462706,GRAYMONT PA INC/PLEASANT GAP PLT,492282,N,New,Title V Operating Permit,,ISSU,1995-11-27 00:00:00,2000-11-28 00:00:00,2005-11-28 00:00:00,355635[14-00006]_Issued_v1.pdf
Northcentral,Centre,State College Borough,PA STATE UNIV,PENN STATE UNIVERSITY PARK,545486,PA STATE UNIV/UNIV PARK CAMPUS,256457,Y,Renewal,Title V Operating Permit,,ISSU,2024-01-23 00:00:00,2025-08-28 00:00:00,2030-08-27 00:00:00,1469224[14-00003]_Issued_v1.pdf
Northcentral,Clearfield,Bradford Township,GLEN GERY CORP,BIGLER PLT,3385,GLEN GERY CORP/BIGLER DIV,4592,N,Renewal,Title V Operating Permit,,ISSU,2015-06-15 00:00:00,2016-09-01 00:00:00,2021-08-31 00:00:00,1077816[17-00005]_Issued_v2.pdf
Northcentral,Clearfield,Bradford Township,SHAWVILLE POWER LLC,SHAWVILLE GENERATING STA,244416,SHAWVILLE POWER LLC/SHAWVILLE GEN STA,249235,Y,Renewal,Title V Operating Permit,,ISSU,2023-02-21 00:00:00,2024-07-30 00:00:00,2029-07-29 00:00:00,1428411[17-00001]_Issued_v1.pdf
Northcentral,Clearfield,Brady Township,EASTERN GAS TRANS & STORAGE INC,LUTHER STA,240959,EASTERN GAS TRANS & STORAGE INC/LUTHER STA,244592,Y,Renewal,Title V Operating Permit,,ISSU,2025-03-11 00:00:00,2026-01-09 00:00:00,2031-01-08 00:00:00,1520415[17-00003]_Issued_v1.pdf
Northcentral,Clearfield,Girard Township,PERMAGRAIN PROD INC,PERMA GRAIN PROD MFG,457234,PERMAGRAIN PROD INC/MAIN FLOORING PLT,494750,N,New,Title V Operating Permit,,ISSU,1996-12-02 00:00:00,2000-01-04 00:00:00,2004-12-31 00:00:00,355298[17-00015]_Issued_v1.pdf
Northcentral,Clinton,Beech Creek Township,ARMSTRONG FLOORING LLC,AHF PRODUCTS,238254,AHF LLC D/B/A AHF PROD/BEECH CREEK PLT,240947,Y,Transfer,Title V Operating Permit,,ISSU,2022-08-31 00:00:00,2022-10-03 00:00:00,2027-10-02 00:00:00,1409976[18-00004]_Issued_v1.pdf
Northcentral,Clinton,Castanea Township,FIRST QUALITY TISSUE LLC,FIRST QUALITY TISSUE LLC,269267,FIRST QUALITY TISSUE/LOCK HAVEN PLT,647981,Y,Amendment,Title V Operating Permit,,ISSU,2024-06-13 00:00:00,2024-08-08 00:00:00,2029-02-25 00:00:00,1490027[18-00030]_Issued_v1.pdf
Northcentral,Clinton,Castanea Township,THE INTL PAPER CO,FIRST QUALITY TISSUE LLC,269267,INTL PAPER CO/LOCK HAVEN MILL,274166,N,New,Title V Operating Permit,,ISSU,1995-08-02 00:00:00,2001-01-05 00:00:00,2005-12-31 00:00:00,355642[18-00002]_Issued_v1.pdf
Northcentral,Clinton,Chapman Township,COLUMBIA GAS TRANS LLC,COLUMBIA GAS TRANSMISSION CORP RENOVO COMP STA,240655,COLUMBIA GAS TRANS CORP/RENOVO STA,244171,Y,Amendment,Title V Operating Permit,,ISSU,2022-03-03 00:00:00,2022-03-21 00:00:00,2025-03-31 00:00:00,1386191[18-00001]_Issued_v1.pdf
Northcentral,Clinton,Leidy Township,EASTERN GAS TRANS & STORAGE INC,FINNEFROCK STA,241263,EASTERN GAS TRANS & STORAGE INC/FINNEFROCK STA,244957,Y,Renewal,Title V Operating Permit,,ISSU,2023-07-05 00:00:00,2023-11-21 00:00:00,2028-11-20 00:00:00,1446595[18-00005]_Issued_v1.pdf
Northcentral,Clinton,Leidy Township,EASTERN GAS TRANS & STORAGE INC,EGTS LEIDY STA,241258,EASTERN GAS TRANS & STORAGE INC/LEIDY STA,244948,Y,Renewal,Title V Operating Permit,,ISSU,2020-10-23 00:00:00,2021-05-27 00:00:00,2026-05-26 00:00:00,1331659[18-00006]_Issued_v1.pdf
Northcentral,Clinton,Wayne Township,BRODART CO,FIRST QUALITY PRODUCTS INC,1571,BRODART CO/MCELHATTAN PLT,2016,N,Renewal,Title V Operating Permit,,ISSU,2021-06-09 00:00:00,2022-04-28 00:00:00,2027-04-27 00:00:00,1358633[18-00007]_Issued_v1.pdf
Northcentral,Clinton,Wayne Township,CLINTON CNTY SWA,WAYNE TWP LDFL,237861,CLINTON CNTY SOLID W/WAYNE TWP LDFL,509874,Y,Renewal,Title V Operating Permit,,ISSU,2023-01-27 00:00:00,2024-01-31 00:00:00,2029-01-30 00:00:00,1425405[18-00009]_Issued_v1.pdf
Northcentral,Columbia,Jackson Township,TRANSCONTINENTAL GAS PIPE LINE CO LLC,JACKSON TWP STA 517,3275,TRANSCONTINENTAL GAS/JACKSON TWP STA 517,4433,Y,"Modification, Significant",Title V Operating Permit,,ISSU,2022-12-29 00:00:00,2024-01-08 00:00:00,2025-10-19 00:00:00,1422490[19-00007]_Issued_v1.pdf
Northcentral,Columbia,South Centre Township,ALTOR SOLUTIONS,FOAM FABRICATORS,1461,FOAM FABRICATORS INC/BLOOMSBURG PLT,1880,Y,Amendment,Title V Operating Permit,,ISSU,2025-01-10 00:00:00,2025-02-11 00:00:00,2027-01-19 00:00:00,1514656[19-00002]_Issued_v1.pdf
Northcentral,Lycoming,Brady Township,LYCOMING CNTY,LYCOMING CNTY RESOURCE MGMT SVC,269308,LYCOMING CNTY RESOUR/LYCOMING CNTY LDFL,493380,Y,Renewal,Title V Operating Permit,,ISSU,2023-11-03 00:00:00,2025-02-27 00:00:00,2030-02-26 00:00:00,1461654[41-00025]_Issued_v1.pdf
Northcentral,Lycoming,Brady Township,NEXTERA RENEWABLE FUELS LLC,LYCOMING CNTY RESOURCE MGMT SVC,269308,NEXTERA RENEWABLE FUELS LLC/LYCO LANDFILL LFGTE PLT,741868,Y,Renewal,Title V Operating Permit,,ISSU,2023-09-21 00:00:00,2024-11-13 00:00:00,2029-11-12 00:00:00,1456235[41-00082]_Issued_v1.pdf
Northcentral,Lycoming,Clinton Township,KOPPERS INC,KOPPERS SUSQUEHANNA PLT,242111,KOPPERS INC/COGEN PLT,246200,N,Renewal,Title V Operating Permit,,ISSU,2005-06-29 00:00:00,2010-04-28 00:00:00,2015-04-27 00:00:00,596879[41-00002]_Issued_v1.pdf
Northcentral,Lycoming,Clinton Township,SPRINGS WINDOW FASHIONS LLC,SPRING WINDOW FASHIONS LLC,248327,SPRINGS WINDOW FASHIONS/MONTGOMERY PLT,493354,N,Renewal,Title V Operating Permit,,ISSU,2006-01-09 00:00:00,2010-12-29 00:00:00,2015-12-28 00:00:00,617604[41-00018]_Issued_v1.pdf
Northcentral,Lycoming,Mifflin Township,TRANSCONTINENTAL GAS PIPE LINE CO LLC,TRANSCONTINENTAL GAS PIPELINE CO LLC (STA 520),3239,TRANSCONTINENTAL GAS/SALLADASBURG STATION 520,4385,Y,"Modification, Significant",Title V Operating Permit,,ISSU,2022-12-29 00:00:00,2023-12-15 00:00:00,2025-05-13 00:00:00,1422491[41-00001]_Issued_v1.pdf
Northcentral,Lycoming,Williamsport City,CHANCE GROUP LLC,CHANCE ALUMINUM,2054,CHANCE ALUM CORP/WILLIAMSPORT PLT,2720,Y,Renewal,Title V Operating Permit,,ISSU,2022-07-14 00:00:00,2023-02-15 00:00:00,2028-02-14 00:00:00,1402967[41-00013]_Issued_v2.pdf
Northcentral,Lycoming,Williamsport City,HIGH STEEL STRUCTURES INC,HIGH STEEL STRUCTURES,1479,HIGH STEEL STRUCTURES/WILLIAMSPORT PLT 3,1903,Y,Renewal,Title V Operating Permit,,ISSU,2021-05-18 00:00:00,2022-03-17 00:00:00,2027-03-16 00:00:00,1355207[41-00006]_Issued_v3.pdf
Northcentral,Lycoming,Williamsport City,LYCOMING ENGINES,LYCOMING ENGINES- OLIVER ST PLT,2887,LYCOMING ENGINES/OLIVER ST PLT,3897,Y,Renewal,Title V Operating Permit,,ISSU,2024-02-15 00:00:00,2025-05-06 00:00:00,2030-05-05 00:00:00,1473176[41-00005]_Issued_v1.pdf
Northcentral,Lycoming,Woodward Township,PLASTIC DEV CO OF PA,PLASTIC DEV CO WILLIAMSPORT PLT,3382,PLASTIC DEV CO/WILLIAMSPORT PLT,4588,Y,Amendment,Title V Operating Permit,,ISSU,2023-07-17 00:00:00,2023-08-10 00:00:00,2027-12-05 00:00:00,1448627[41-00016]_Issued_v1.pdf
Northcentral,Montour,Derry Township,MONTOUR LLC,MONTOUR LLC,247875,MONTOUR LLC/MONTOUR SES,254018,Y,Renewal,Title V Operating Permit,,ISSU,2023-06-28 00:00:00,2025-04-23 00:00:00,2030-04-22 00:00:00,1446268[47-00001]_Issued_v1.pdf
Northcentral,Montour,Derry Township,US GYPSUM CO,USG WASHINGTONVILLE PLANT,666465,US GYPSUM CO/WASHINGTONVILLE PLT,683668,Y,Renewal,Title V Operating Permit,,ISSU,2022-09-23 00:00:00,2024-01-02 00:00:00,2029-01-01 00:00:00,1411501[47-00014]_Issued_v1.pdf
Northcentral,Northumberland,Delaware Township,WATSONTOWN BRICK CO,WATSONTOWN BRICK PLT,457628,WATSONTOWN BRICK CO/WATSONTOWN PLT,493449,Y,Renewal,Title V Operating Permit,,ISSU,2024-04-05 00:00:00,2025-11-12 00:00:00,2030-11-11 00:00:00,1480337[49-00033]_Issued_v1.pdf
Northcentral,Northumberland,Milton Borough,ACF IND LLC,MR MILTON LLC,238146,ACF IND LLC/ MILTON FAC,240780,N,Renewal,Title V Operating Permit,,ISSU,2018-08-20 00:00:00,2019-03-06 00:00:00,2024-03-05 00:00:00,1241455[49-00003]_Issued_v1.pdf
Northcentral,Northumberland,Milton Borough,JERACO INC,MILTON TRUCK CAP PLT,463808,JERACO ENTERPRISES INC/MILTON PLT,493221,Y,Renewal,Title V Operating Permit,,ISSU,2022-07-15 00:00:00,2022-12-06 00:00:00,2027-12-05 00:00:00,1403973[49-00014]_Issued_v1.pdf
Northcentral,Northumberland,Milton Borough,TRUCK ACCESSORIES GROUP LLC,TRUCK ACCESSORIES GROUP MILTON TRUCK CAP PLT,4826,TRUCK ACCESSORIES GROUP/MILTON PLT,6525,Y,Amendment,Title V Operating Permit,,ISSU,2025-02-04 00:00:00,2025-02-20 00:00:00,2028-11-21 00:00:00,1515823[49-00020]_Issued_v1.pdf
Northcentral,Northumberland,Mount Carmel Township,MT CARMEL COGEN INC,MT CARMEL COGEN PLT,2626,MT CARMEL COGEN/CULM FIRED COGEN PLT,3527,Y,Renewal,Title V Operating Permit,,ISSU,2022-10-25 00:00:00,2024-01-31 00:00:00,2029-01-30 00:00:00,1416695[49-00001]_Issued_v1.pdf
Northcentral,Northumberland,Northumberland Borough,RESILITE SPORTS PROD INC,RESILITE SPORTS PROD,244373,RESILITE SPORTS PROD/NORTHUMBERLAND PLT,249177,Y,Renewal,Title V Operating Permit,,ISSU,2020-08-21 00:00:00,2021-06-28 00:00:00,2026-06-27 00:00:00,1324958[49-00004]_Issued_v1.pdf
Northcentral,Northumberland,Point Township,VIKING ENERGY OF NORTHUMBERLAND LLC,NORTHUMBERLAND COGEN PLT,2699,VIKING ENERGY NORTHUMBERLAND LLC/COGEN PLT,3630,N,Amendment,Title V Operating Permit,,ISSU,2017-03-20 00:00:00,2017-05-31 00:00:00,2018-09-10 00:00:00,1175619[49-00006]_Issued_v1.pdf
Northcentral,Northumberland,Riverside Borough,CHEROKEE PHARM LLC,CHEROKEE PHARM,249423,CHEROKEE PHARM LLC/RIVERSIDE BORO PLT,256556,Y,Modification,Title V Operating Permit,,ISSU,2025-02-26 00:00:00,2025-05-06 00:00:00,2028-07-30 00:00:00,1517724[49-00007]_Issued_v1.pdf
Northcentral,Northumberland,Sunbury City,SUNBURY HOSP CO LLC D/B/A SUNBURY COMMUNITY HOSP,UPMC SUSQUEHANNA SUNBURY,238236,SUNBURY COMMUNITY HOSP/SUNBURY,493242,N,New,Title V Operating Permit,,ISSU,1998-02-02 00:00:00,1999-08-02 00:00:00,2004-07-31 00:00:00,355264[49-00032]_Issued_v1.pdf
Northcentral,Northumberland,Sunbury City,KNIGHT CELOTEX LLC,SUNBURY FIBERBOARD PLT,1446,SUNBURY PROPERTY/KNIGHT CELOTEX,1863,N,Renewal,Title V Operating Permit,,ISSU,2005-06-08 00:00:00,2007-04-24 00:00:00,2012-04-23 00:00:00,596066[49-00024]_Issued_v1.pdf
Northcentral,Potter,Allegany Township,NATL FUEL GAS SUPPLY CORP,ELLISBURG STA,247969,NATL FUEL GAS SUPPLY/ELLISBURG STA,254140,Y,Amendment,Title V Operating Permit,,ISSU,2024-08-23 00:00:00,2024-10-03 00:00:00,2027-01-12 00:00:00,1498002[53-00003]_Issued_v1.pdf
Northcentral,Potter,Eulalia Township,CHARLES COLE MEM HOSP,CHARLES COLE MEM HOSP,461382,UPMC SUSQUEHANNA /UPMC COLE HOSPITAL,490929,Y,New,Title V Operating Permit,,ISSU,1997-03-14 00:00:00,1999-06-17 00:00:00,2004-06-16 00:00:00,355225[53-00011]_Issued_v1.pdf
Northcentral,Potter,Genesee Township,EASTERN GAS TRANS & STORAGE INC,STATE LINE STA,249822,EASTERN GAS TRANS & STORAGE INC/STATE LINE STA,257142,Y,Renewal,Title V Operating Permit,,ISSU,2025-04-30 00:00:00,2026-01-29 00:00:00,2031-01-28 00:00:00,1525579[53-00007]_Issued_v1.pdf
Northcentral,Potter,Harrison Township,EASTERN GAS TRANS & STORAGE INC,EGTS HARRISON COMPRESSOR STA,1509,EASTERN GAS TRANS & STORAGE INC/HARRISON STA,1944,Y,Amendment,Title V Operating Permit,,ISSU,2020-12-03 00:00:00,2020-12-30 00:00:00,2025-10-21 00:00:00,1336254[53-00004]_Issued_v1.pdf
Northcentral,Potter,Hebron Township,TENNESSEE GAS PIPELINE CO LLC,TENNESSEE GAS PIPLINE CO LLC COMPR STA 313,240680,TENNESSEE GAS PIPELINE CO/313 COUDERSPORT,244208,Y,Modification,Title V Operating Permit,,ISSU,2023-12-28 00:00:00,2024-06-24 00:00:00,2026-02-02 00:00:00,1488290[53-00001]_Issued_v1.pdf
Northcentral,Potter,Stewardson Township,EASTERN GAS TRANS & STORAGE INC,EGTS GREENLICK COMPRESSOR STATION,249774,EASTERN GAS TRANS & STORAGE INC/GREENLICK STA,257072,Y,Renewal,Title V Operating Permit,,ISSU,2020-10-23 00:00:00,2021-08-04 00:00:00,2026-08-03 00:00:00,1331730[53-00005]_Issued_v1.pdf
Northcentral,Potter,Wharton Township,NATL FUEL GAS SUPPLY CORP,NATL FUEL GAS SUPPLY EAST FORK COMP STA,3847,NATL FUEL GAS SUPPLY/EAST FORK COMP STA,5195,Y,Amendment,Title V Operating Permit,,ISSU,2024-08-23 00:00:00,2024-10-03 00:00:00,2026-09-06 00:00:00,1497993[53-00008]_Issued_v1.pdf
Northcentral,Potter,Wharton Township,TRANSCONTINENTAL GAS PIPE LINE CO LLC,TRANSCONTINENTAL GAS PIPE LINE CO LLC (STA 535),240639,TRANSCONTINENTAL GAS/WHARTON STATION 535,244152,Y,Modification,Title V Operating Permit,,ISSU,2022-12-29 00:00:00,2023-10-03 00:00:00,2025-09-08 00:00:00,1422494[53-00002]_Issued_v1.pdf
Northcentral,Snyder,Middlecreek Township,WOOD MODE LLC,WOOD MODE LLC,2760,WOOD MODE LLC/KREAMER PLT,3730,Y,Renewal,Title V Operating Permit,,ISSU,2023-02-02 00:00:00,2023-09-11 00:00:00,2028-09-10 00:00:00,1425582[55-00005]_Issued_v1.pdf
Northcentral,Snyder,Penn Township,KERRICO CORP,SELINSGROVE PLT,4731,KERRICO CORP/PENN,6399,Y,Renewal,Title V Operating Permit,,ISSU,2022-02-15 00:00:00,2022-06-24 00:00:00,2027-06-23 00:00:00,1387445[55-00023]_Issued_v1.pdf
Northcentral,Snyder,Shamokin Dam Borough,HUMMEL STA LLC,HUMMEL STATION CONSTRUCTION SITE,786918,HUMMEL STA LLC/SUNBURY NAT GAS PLT,804103,Y,New,Title V Operating Permit,,ISSU,2022-07-05 00:00:00,2024-11-25 00:00:00,2029-11-24 00:00:00,1402841[55-00026]_Issued_v1.pdf
Northcentral,Tioga,Blossburg Borough,WARD MFG LLC,WARD MANUFACTURING LLC PLT 3,244770,WARD MFG LLC/BLOSSBURG PLTS 1-3,249699,Y,Renewal,Title V Operating Permit,,ISSU,2021-06-28 00:00:00,2022-01-13 00:00:00,2027-01-12 00:00:00,1359579[59-00004]_Issued_v1.pdf
Northcentral,Tioga,Clymer Township,EASTERN GAS TRANS & STORAGE INC,EGTS SABINSVILLE COMPRESSOR STATION,240972,EASTERN GAS TRANS & STORAGE INC/SABINSVILLE STA,244611,Y,Renewal,Title V Operating Permit,,ISSU,2022-09-22 00:00:00,2023-08-31 00:00:00,2028-08-30 00:00:00,1412555[59-00005]_Issued_v1.pdf
Northcentral,Tioga,Farmington Township,EASTERN GAS TRANS & STORAGE INC,EGTS TIOGA COMPRESSOR STA,240985,EASTERN GAS TRANS & STORAGE INC/TIOGA STA,244627,Y,Renewal,Title V Operating Permit,,ISSU,2024-05-06 00:00:00,2025-07-21 00:00:00,2030-07-20 00:00:00,1484113[59-00002]_Issued_v1.pdf
Northcentral,Tioga,Wellsboro Borough,LEDVANCE LLC,LEDVANCE LLC,257979,LEDVANCE LLC/WELLSBORO PLT,272387,N,Transfer,Title V Operating Permit,,ISSU,2016-07-30 00:00:00,2016-09-16 00:00:00,2021-02-28 00:00:00,1147520[59-00003]_Issued_v1.pdf
Northcentral,Tioga,Wellsboro Borough,UPMC WELLSBORO,UPMC WELLSBORO HOSP,238328,SOLDIERS & SAILORS MEM HOSP/WELLSBORO,495487,N,New,Title V Operating Permit,,ISSU,1997-01-27 00:00:00,1999-06-16 00:00:00,2004-06-15 00:00:00,355068[59-00011]_Issued_v1.pdf
Northcentral,Tioga,Westfield Borough,WESTFIELD TANNING CO,WESTFIELD TANNING PLT,241330,WESTFIELD TANNING CO/WESTFIELD PLT,245060,N,New,Title V Operating Permit,,ISSU,1995-09-15 00:00:00,2001-01-18 00:00:00,2005-12-31 00:00:00,355044[59-00001]_Issued_v1.pdf
Northcentral,Union,East Buffalo Township,PA HOUSE INC,PA HOUSE FURNITURE LEWISBURG PLT,4751,PA HOUSE/LEWISBURG FURNITURE PLT,6422,N,New,Title V Operating Permit,,ISSU,1995-11-22 00:00:00,2000-12-27 00:00:00,2005-12-26 00:00:00,355303[60-00008]_Issued_v1.pdf
Northcentral,Union,White Deer Township,CMC STEEL FABRICATORS INC,CMC JOIST & DECK,2491,CMC JOIST AND DECK/ WHITE DEER TWP,3320,N,Modification,Title V Operating Permit,,ISSU,2010-03-01 00:00:00,2010-05-13 00:00:00,2010-11-22 00:00:00,828617[60-00004]_Issued_v1.pdf
Northcentral,Union,White Deer Township,PA HOUSE INC,PA HOUSE WHITE DEER FAC,4774,PA HOUSE/WHITE DEER FURNITURE PLT,6458,N,Modification,Title V Operating Permit,,ISSU,2004-04-12 00:00:00,2004-08-04 00:00:00,2005-12-26 00:00:00,542409[60-00009]_Issued_v1.pdf
Northeast,Carbon,Banks Township,ITG CIGARS INC,ITG CIGARS INC,236805,ITG CIGARS INC/MCADOO PLT,238941,Y,New,Title V Operating Permit,,ISSU,1995-09-20 00:00:00,2025-11-06 00:00:00,2005-01-31 00:00:00,353964[13-00005]_Issued_v1.pdf
Northeast,Carbon,Nesquehoning Borough,KOVATCH ENTERPRISES INC,BULLDOG OEM SVC INC,248369,KOVATCH MOBILE EQUIP/NESQUEHONING PLT,519803,N,New,Title V Operating Permit,,ISSU,1998-03-03 00:00:00,2021-09-07 00:00:00,2005-03-31 00:00:00,355419[13-00008]_Issued_v1.pdf
Northeast,Carbon,Nesquehoning Borough,PANTHER CREEK POWER OPR LLC,PANTHER CREEK PERMITTING BANK,449505,PANTHER CREEK POWER OPR LLC/NESQUEHONING,475620,Y,Renewal,Title V Operating Permit,,ISSU,2008-05-22 00:00:00,2018-11-27 00:00:00,2023-11-27 00:00:00,1023399[13-00003]_Issued_v2.pdf
Northeast,Carbon,Palmerton Borough,BEFESA ZINC US INC.,BEFESA ZINC US INC,257350,BEFESA ZINC US INC./PALMERTON,271194,Y,Amendment,Title V Operating Permit,,ISSU,2024-08-23 00:00:00,2024-11-12 00:00:00,2027-11-04 00:00:00,1496891[13-00001]_Issued_v1.pdf
Northeast,Carbon,Palmerton Borough,BEFESA ZINC US INC.,HORSEHEAD CORP PLAMERTON FAC,239610,HORSEHEAD CORP/EAST PLT,242768,N,Transfer,Title V Operating Permit,,ISSU,2004-04-21 00:00:00,2004-04-21 00:00:00,,552049[13-00012]_Issued_v1.pdf
Northeast,Lackawanna,Archbald Borough,PEI POWER LLC,ARCHBALD POWER STA,484151,PEI POWER CORP/ARCHBALD,512965,Y,"Modification, Significant",Title V Operating Permit,,ISSU,2023-09-18 00:00:00,2026-01-07 00:00:00,2029-02-13 00:00:00,1455802[35-00002]_Issued_v1.pdf
Northeast,Lackawanna,Dunmore Borough,KEYSTONE SANI LDFL INC,KEYSTONE SANI LDFL,452485,KEYSTONE SANI LDFL INC/DUNMORE,555989,Y,Renewal,Title V Operating Permit,,ISSU,2020-03-27 00:00:00,2021-09-24 00:00:00,2026-09-24 00:00:00,1312192[35-00014]_Issued_v1.pdf
Northeast,Lackawanna,Fell Township,GENTEX OPTICS INC,GENTEX OPTICS SIMPSON PLT,545896,GENTEX OPTICS INC/SIMPSON NIGHTVISION,564235,N,Renewal,Title V Operating Permit,,ISSU,2005-06-28 00:00:00,2009-11-19 00:00:00,2014-11-19 00:00:00,596618[35-00047]_Issued_v1.pdf
Northeast,Lackawanna,Jessup Borough,LACKAWANNA ENERGY CTR LLC,LACKAWANNA ENERGY CTR,783921,LACKAWANNA ENERGY CTR LLC/JESSUP,776907,Y,Amendment,Title V Operating Permit,,ISSU,2023-12-01 00:00:00,2023-12-28 00:00:00,2028-08-02 00:00:00,1465081[35-00069]_Issued_v1.pdf
Northeast,Lackawanna,Olyphant Borough,CINRAM GROUP INC,CANPACK US,3094,TECHNICOLOR HOME ENTERTAINMENT SERVICES SOUTHEAST LLC,515036,N,Renewal,Title V Operating Permit,,ISSU,2012-12-05 00:00:00,2014-09-17 00:00:00,2019-09-17 00:00:00,953845[35-00032]_Issued_v1.pdf
Northeast,Lackawanna,Scranton City,GLOBAL METALFORM,GLOBAL METAL FORM MFG,485666,GLOBAL METALFORM/DAVIS ST PLT,514398,N,Renewal,Title V Operating Permit,,ISSU,2003-12-01 00:00:00,2004-09-16 00:00:00,2009-09-15 00:00:00,539072[35-00006]_Issued_v1.pdf
Northeast,Lackawanna,Taylor Borough,ALLIANCE SANI LDFL INC,ALLIANCE SANI LDFL,452024,ALLIANCE SANI LANDFILL INC/TAYLOR LDFL,495147,Y,Amendment,Title V Operating Permit,,ISSU,2025-03-05 00:00:00,2025-04-11 00:00:00,2027-12-07 00:00:00,1522764[35-00011]_Issued_v1.pdf
Northeast,Lackawanna,Throop Borough,"APTIM GOVERNMENT SOLUTIONS, LLC",KEYSTONE RECOVERY THROOP,462709,KEYSTONE RECOVERY THROOP,512949,N,Amendment,Title V Operating Permit,,ISSU,2019-09-24 00:00:00,2019-10-08 00:00:00,2021-07-13 00:00:00,1291111[35-00024]_Issued_v1.pdf
Northeast,Lehigh,Alburtis Borough,VICTAULIC CO,VICTAULIC CO ALBURTIS FACILITY,483735,VICTAULIC COMPANY/ALBURTIS FACILITY,515738,Y,Renewal,Title V Operating Permit,,ISSU,2022-04-19 00:00:00,2023-02-22 00:00:00,2028-02-22 00:00:00,1393813[39-00069]_Issued_v1.pdf
Northeast,Lehigh,Allentown City,LSI CORP,LSI CORP ALLENTOWN UNION BOULEVARD FAC,579728,AGERE SYSTEMS INC/ALLENTOWN,252653,N,New,Title V Operating Permit,,ISSU,1995-11-21 00:00:00,2000-08-31 00:00:00,2005-08-31 00:00:00,355404[39-00001]_Issued_v1.pdf
Northeast,Lehigh,Allentown City,AMER ATELIER INC,AMER ATELIER MFG,480966,AMER ATELIER INC/INACTIVE PF DO NOT USE,510212,N,New,Title V Operating Permit,,ISSU,2005-10-13 00:00:00,2007-05-30 00:00:00,2012-05-30 00:00:00,608704[39-00082]_Issued_v1.pdf
Northeast,Lehigh,Bethlehem City,SYNTHETIC THREAD CO INC,SYNTHETIC THREAD,2429,SYNTHETIC THREAD CO/BETHLEHEM,242097,N,Renewal,Title V Operating Permit,,ISSU,2002-07-03 00:00:00,2003-11-14 00:00:00,2008-11-14 00:00:00,512548[39-00007]_Issued_v1.pdf
Northeast,Lehigh,Lower Macungie Township,BUCKEYE ENERGY SVC LLC,BUCKEYE ENERGY SVC LLC/MACUNGIE TERMINAL,580207,BUCKEYE ENERGY SVC LLC/MACUNGIE TERMINAL,523791,Y,Renewal,Title V Operating Permit,,ISSU,2021-05-12 00:00:00,2022-02-23 00:00:00,2027-02-23 00:00:00,1369688[39-00016]_Issued_v1.pdf
Northeast,Lehigh,Lower Macungie Township,BUCKEYE PIPELINE CO LP,BUCKEYE PIPE LINE CO LP MACUNGIE STA,4858,BUCKEYE PIPE LINE CO/MACUNGIE STA,6572,Y,Renewal,Title V Operating Permit,,ISSU,2021-05-12 00:00:00,2022-02-23 00:00:00,2027-02-23 00:00:00,1369692[39-00019]_Issued_v1.pdf
Northeast,Lehigh,Lower Macungie Township,BUCKEYE TERM LLC,BUCKEYE TERMINALS LLC MACUNGIE TERM,517,BUCKEYE TERMINALS LLC/MACUNGIE TERMINAL,673,Y,Renewal,Title V Operating Permit,,ISSU,2021-05-12 00:00:00,2022-02-23 00:00:00,2027-02-23 00:00:00,1369696[39-00028]_Issued_v1.pdf
Northeast,Lehigh,Lower Macungie Township,MACK TRUCKS INC,MACK TRUCKS INC,254989,MACK TRUCKS INC/MACUNGIE,243062,Y,Renewal,Title V Operating Permit,,ISSU,2020-07-07 00:00:00,2021-06-21 00:00:00,2026-06-21 00:00:00,1319315[39-00004]_Issued_v1.pdf
Northeast,Lehigh,Upper Macungie Township,AMER CRAFT BREWERY LLC,AMERICAN CRAFT BREWERY LLC,248519,AMERICAN CRAFT BREWERY LLC/BREINIGSVILLE,254882,Y,"Modification, Significant",Title V Operating Permit,,ISSU,2022-12-22 00:00:00,2024-11-18 00:00:00,2026-09-30 00:00:00,1474858[39-00006]_Issued_v1.pdf
Northeast,Lehigh,Upper Macungie Township,CARPENTER CO.,CARPENTER CO,240064,CARPENTER CO./UPPER MACUNGIE,243369,Y,Renewal,Title V Operating Permit,,ISSU,2023-03-03 00:00:00,2024-01-29 00:00:00,2029-01-29 00:00:00,1431356[39-00040]_Issued_v2.pdf
Northeast,Lehigh,Upper Macungie Township,G & T IND INC,G & T IND PA ALLENTOWN DIV,240078,G & T IND INC/ALLENTOWN DIV,243386,N,New,Title V Operating Permit,,ISSU,1995-10-26 00:00:00,1999-05-07 00:00:00,2004-05-07 00:00:00,354411[39-00017]_Issued_v1.pdf
Northeast,Lehigh,Whitehall Township,AMRIZE CEMENT INC,AMRIZE CEMENT INC WHITEHALL,260809,AMRIZE CEMENT INC/WHITEHALL PLT,276779,Y,Amendment,Title V Operating Permit,,ISSU,2025-09-24 00:00:00,2025-11-25 00:00:00,2028-02-02 00:00:00,1543398[39-00011]_Issued_v1.pdf
Northeast,Luzerne,Buck Township,TRANSCONTINENTAL GAS PIPE LINE CO LLC,TRANSCONTINENTAL GAS PIPE LINE LLC STA 515,244532,TRANSCONTINENTAL GAS/BEAR CREEK STA 515,249383,Y,Renewal,Title V Operating Permit,,ISSU,2025-06-23 00:00:00,2025-12-16 00:00:00,2030-12-28 00:00:00,1532546[40-00002]_Issued_v2.pdf
Northeast,Luzerne,Exeter Township,BPB MFG INC,BPB MFG PITTSTON PLT,513776,BPB MFG INC/PITTSTON,135131,N,New,Title V Operating Permit,,ISSU,1996-05-16 00:00:00,2000-09-29 00:00:00,2005-10-31 00:00:00,354158[40-00032]_Issued_v1.pdf
Northeast,Luzerne,Hanover Township,WYOMING VALLEY SANI AUTH,WYOMING VALLEY SANI AUTH WILKES BARRE,245668,WYOMING VALLEY SANI AUTH/HANOVER STP,250969,Y,Renewal,Title V Operating Permit,,ISSU,2022-06-15 00:00:00,2023-10-16 00:00:00,2028-10-16 00:00:00,1401465[40-00067]_Issued_v1.pdf
Northeast,Luzerne,Hazle Township,ALLSTEEL INC,ALL STEEL MFG,239439,ALL STEEL INC/WEST HAZLETON,242529,N,New,Title V Operating Permit,,ISSU,1995-09-19 00:00:00,2000-04-21 00:00:00,2005-04-30 00:00:00,354130[40-00006]_Issued_v1.pdf
Northeast,Luzerne,Hazle Township,AMCOR FLEXIBLES NORTH AMER INC,AMCOR FLEXIBLES NORTH AMER INC,238511,AMCOR FLEXIBLES NORTH AMER INC/HAZLETON,241329,Y,Renewal,Title V Operating Permit,,ISSU,2024-02-21 00:00:00,2025-03-12 00:00:00,2030-03-12 00:00:00,1474515[40-00007]_Issued_v1.pdf
Northeast,Luzerne,Hazle Township,HAZLETON GENERATION LLC,HAZLETON GEN FAC,487450,HAZLETON GEN LLC/HAZLE TWP,510832,Y,Renewal,Title V Operating Permit,,ISSU,2022-07-19 00:00:00,2023-10-24 00:00:00,2028-10-24 00:00:00,1404503[40-00021]_Issued_v6.pdf
Northeast,Luzerne,Hazleton City,JOHNS MANVILLE INC.,JOHNS MANVILLE,534260,JOHNS MANVILLE/HAZLETON CITY,495668,Y,New,Title V Operating Permit,,ISSU,2024-04-17 00:00:00,2024-09-25 00:00:00,2029-09-25 00:00:00,1481216[40-00079]_Issued_v3.pdf
Northeast,Luzerne,Jackson Township,PA DEPT OF CORR DALLAS STATE CORR INST,PA DEPT OF CORR DALLAS SCI,516545,PA DEPT OF CORR/DALLAS SCI,510416,N,Renewal,Title V Operating Permit,,ISSU,2002-02-01 00:00:00,2003-11-14 00:00:00,2008-11-14 00:00:00,513493[40-00011]_Issued_v1.pdf
Northeast,Luzerne,Salem Township,MOXIE FREEDOM LLC,CAITHNESS MOXIE FREEDOM GENERATION PLT,788424,CAITHNESS MOXIE FREEDOM GENERATION PLANT/SALEM TWP,781641,Y,Renewal,Title V Operating Permit,,ISSU,2024-06-28 00:00:00,2025-08-13 00:00:00,2030-08-13 00:00:00,1491482[40-00129]_Issued_v1.pdf
Northeast,Luzerne,West Hazleton Borough,GREATER HAZLETON CITY JT SEW AUTH LUZERNE CNTY,GREATER HAZLETON JT SEW AUTH TRMT PLT,242069,GREATER HAZLETON JT SEW AUTH/WEST HAZLETON STP,246109,Y,New,Title V Operating Permit,,ISSU,2022-10-03 00:00:00,2024-02-20 00:00:00,2029-02-20 00:00:00,1412351[40-00121]_Issued_v1.pdf
Northeast,Luzerne,Wright Township,CERTAINTEED CORP,CERTAINTEED MOUNTAINTOP PLT,242936,CERTAINTEED PROD CO/MOUNTAINTOP,247319,N,Amendment,Title V Operating Permit,,ISSU,2006-02-16 00:00:00,2007-12-31 00:00:00,2012-12-31 00:00:00,631952[40-00010]_Issued_v1.pdf
Northeast,Monroe,Pocono Township,SANOFI PASTEUR INC.,SANOFI PASTEUR INC,2571,SANOFI PASTEUR/SWIFTWATER FACILITY,512268,Y,Modification,Title V Operating Permit,,ISSU,2024-09-23 00:00:00,2025-02-10 00:00:00,2028-08-30 00:00:00,1500752[45-00005]_Issued_v1.pdf
Northeast,Monroe,Smithfield Township,WESTROCK CONVERTING CO LLC,WESTROCK CONVERTING CO LLC,4034,WESTROCK CONVERTING CO LLC/DELAWARE WATER GAP,5455,Y,Renewal,Title V Operating Permit,,ISSU,2020-08-24 00:00:00,2021-12-14 00:00:00,2026-12-14 00:00:00,1362262[45-00002]_Issued_v1.pdf
Northeast,Northampton,Bethlehem City,CALPINE BETHLEHEM LLC,BETHLEHEM ENERGY CENTER,543767,CALPINE BETHLEHEM LLC/BETHLEHEM,566123,Y,Renewal,Title V Operating Permit,,ISSU,2020-02-28 00:00:00,2021-08-11 00:00:00,2026-08-10 00:00:00,1307005[48-00076]_Issued_v1.pdf
Northeast,Northampton,Bethlehem City,LEHIGH HEAVY FORGE CORP,LEHIGH HEAVY FORGE CORP,485819,LEHIGH HEAVY FORGE CORP/BETHLEHEM,514544,Y,Amendment,Title V Operating Permit,,ISSU,2024-06-24 00:00:00,2024-11-07 00:00:00,2026-03-23 00:00:00,1490235[48-00015]_Issued_v1.pdf
Northeast,Northampton,East Allen Township,KEYSTONE CEMENT CO,KEYSTONE CEMENT CO,451528,KEYSTONE PORTLAND CEMENT/EAST ALLEN,478429,Y,Amendment,Title V Operating Permit,,ISSU,2025-10-24 00:00:00,2025-10-29 00:00:00,2030-05-20 00:00:00,1546850[48-00003]_Issued_v1.pdf
Northeast,Northampton,Easton City,HUNTSMAN P&A AMER LLC,B&B RECYCLING LLC,4897,HUNTSMAN/EASTON,6622,N,New,Title V Operating Permit,,ISSU,1995-11-27 00:00:00,2000-12-26 00:00:00,2005-12-31 00:00:00,354156[48-00018]_Issued_v1.pdf
Northeast,Northampton,Forks Township,ECOPAX LLC,"ECOPAX, LLC",673602,ECOPAX LLC/FORKS TWP,681509,Y,"Modification, Significant",Title V Operating Permit,,ISSU,2023-09-29 00:00:00,2026-01-07 00:00:00,2029-11-19 00:00:00,1456803[48-00095]_Issued_v1.pdf
Northeast,Northampton,Forks Township,VICTAULIC CO,VICTAULIC CO FORKS FACILITY,248318,VICTAULIC CO/FORKS FACILITY,254610,Y,Renewal,Title V Operating Permit,,ISSU,2022-04-19 00:00:00,2023-02-22 00:00:00,2028-02-22 00:00:00,1393875[48-00009]_Issued_v1.pdf
Northeast,Northampton,Glendon Borough,NEXTERA RENEWABLE FUELS LLC,GLENDON BUS CTR SUBDIV,525086,NEXTRA RENEWABLE FUELS LLC/GLENDON BUS CTR,734569,N,New,Title V Operating Permit,,ISSU,2012-04-24 00:00:00,2017-04-24 00:00:00,2022-04-24 00:00:00,1136807[48-00098]_Issued_v1.pdf
Northeast,Northampton,Lower Mount Bethel Township,LMBE PROJECT COMPANY LLC,LMBE PROJECT COMPANY LLC,521990,LOWER MOUNT BETHEL ENERGY SES/BANGOR,569997,Y,Renewal,Title V Operating Permit,,ISSU,2020-11-16 00:00:00,2023-01-19 00:00:00,2028-01-19 00:00:00,1364221[48-00091]_Issued_v1.pdf
Northeast,Northampton,Lower Mount Bethel Township,MC PROJ CO LLC,MARTINS CREEK SES,246509,MC PROJECT CO LLC/MARTINS CREEK,252187,Y,"Modification, Significant",Title V Operating Permit,,ISSU,2022-12-28 00:00:00,2024-11-20 00:00:00,2028-01-11 00:00:00,1506927[48-00011]_Issued_v2.pdf
Northeast,Northampton,Lower Nazareth Township,HEIDELBERG MATERIALS US CEMENT LLC,HEIDELBERG MATERIALS US CEMENT LLC PLT I,253115,HEIDELBERG MATERIALS US CEMENT LLC/NAZARETH,262830,Y,Amendment,Title V Operating Permit,,ISSU,2025-06-04 00:00:00,2025-07-07 00:00:00,2030-06-05 00:00:00,1530474[48-00004]_Issued_v1.pdf
Northeast,Northampton,Lower Saucon Township,BETHLEHEM LDFL CO,BETHLEHEM LDFL CO,255983,BETHLEHEM LD/BETHLEHEM FACILITY,549728,Y,Renewal,Title V Operating Permit,,ISSU,2023-08-17 00:00:00,2025-02-05 00:00:00,2030-02-05 00:00:00,1452603[48-00027]_Issued_v1.pdf
Northeast,Northampton,Nazareth Borough,HEIDELBERG MATERIALS US CEMENT LLC,HEIDELBERG MATERIALS US CEMENT LLC PLT I,253115,ESSROC/NAZARETH CEMENT PLT 3,262821,N,New,Title V Operating Permit,,ISSU,1995-11-08 00:00:00,2001-05-03 00:00:00,2006-05-31 00:00:00,354102[48-00007]_Issued_v1.pdf
Northeast,Northampton,Northampton Borough,NORTHAMPTON GENERATING CO LP,NORTHAMPTON GENERATING CO,237772,NORTHAMPTON GEN CO/NORTHAMPTON,240279,Y,Modification,Title V Operating Permit,,ISSU,2019-09-10 00:00:00,2019-12-16 00:00:00,2023-11-27 00:00:00,1287796[48-00021]_Issued_v1.pdf
Northeast,Northampton,Plainfield Township,GRAND CTL SANI LDFL INC,GRAND CTL SANI LDFL,256036,GRAND CTL SANI LDFL/PLAINFIELD,494741,Y,Renewal,Title V Operating Permit,,ISSU,2021-08-20 00:00:00,2023-01-03 00:00:00,2028-01-03 00:00:00,1368323[48-00032]_Issued_v1.pdf
Northeast,Northampton,Stockertown Borough,HERCULES CEMENT CO LLC DBA BUZZI UNICEM USA,HERCULES CEMENT DBA BUZZI UNICEM USA STOCKERTOWN PLT,508399,HERCULES CEMENT CO LLC/STOCKERTOWN,510100,Y,Renewal,Title V Operating Permit,,ISSU,2024-02-20 00:00:00,2025-04-18 00:00:00,2030-04-18 00:00:00,1473442[48-00005]_Issued_v2.pdf
Northeast,Northampton,Upper Mount Bethel Township,STABILIT AMER INC,UNITED PANEL DIV OF STABILIT AMER INC FAC,258215,UNITED PANEL INC/MT BETHEL,566706,N,Transfer,Title V Operating Permit,,ISSU,2005-06-27 00:00:00,2006-02-28 00:00:00,2010-08-31 00:00:00,596634[48-00069]_Issued_v1.pdf
Northeast,Northampton,Upper Nazareth Township,CF MARTIN & CO INC,CF MARTIN CO INC,516029,CF MARTIN & CO INC/UPPER NAZARETH,243231,Y,Renewal,Title V Operating Permit,,ISSU,2025-05-16 00:00:00,2026-01-21 00:00:00,2031-01-21 00:00:00,1528318[48-00017]_Issued_v1.pdf
Northeast,Northampton,Upper Nazareth Township,STEEL MGMT SYS LLC,STEEL MGMT SYS,258102,STEEL MGMT SYS LLC/UPPER NAZARETH,549768,Y,Amendment,Title V Operating Permit,,ISSU,2025-04-07 00:00:00,2025-05-08 00:00:00,2027-03-28 00:00:00,1522498[48-00057]_Issued_v2.pdf
Northeast,Northampton,Williams Township,CHRIN BROS INC,CHRIN BROS SANI LDFL,238053,CHRIN BROS SANI LDFL/CHRIN LDFL,494731,Y,Renewal,Title V Operating Permit,,ISSU,2021-11-04 00:00:00,2023-01-09 00:00:00,2028-01-09 00:00:00,1378596[48-00037]_Issued_v1.pdf
Northeast,Schuylkill,Cressona Borough,HYDRO EXTRUSION USA LLC,"HYDRO EXTRUSION USA, LLC",246794,"HYDRO EXTRUSION USA, LLC/CRESSONA",510716,Y,Renewal,Title V Operating Permit,,ISSU,2022-07-27 00:00:00,2023-11-20 00:00:00,2028-11-20 00:00:00,1404990[54-00022]_Issued_v1.pdf
Northeast,Schuylkill,Foster Township,COMM ENV SYS LP,COMM ENV SYS LDFL,461340,COMMONWEALTH ENV SYS/FOSTER TWP,512967,Y,Amendment,Title V Operating Permit,,ISSU,2020-06-10 00:00:00,2021-11-02 00:00:00,2025-08-17 00:00:00,1363166[54-00054]_Issued_v1.pdf
Northeast,Schuylkill,Foster Township,UGID BROAD MTN LLC,COMM ENV SYS LDFL,461340,UGID BROAD MTN LLC/HEGINS,712577,N,Transfer,Title V Operating Permit,,ISSU,2022-07-15 00:00:00,2022-08-03 00:00:00,2023-11-14 00:00:00,1405082[54-00074]_Issued_v1.pdf
Northeast,Schuylkill,Frailey Township,RAUSCH CREEK GENERATION LLC,RAUSCH CREEK GENERATION BANK,488091,RAUSCH CREEK GENERATION LLC/FRAILEY TWP,474375,Y,Renewal,Title V Operating Permit,,ISSU,2020-07-02 00:00:00,2022-04-26 00:00:00,2027-04-26 00:00:00,1319312[54-00006]_Issued_v1.pdf
Northeast,Schuylkill,Kline Township,NORTHEASTERN POWER CO,NORTHEASTERN POWER SILVERBROOK BANK,446364,NORTHEASTERN POWER CO/MCADOO COGEN,471717,N,Renewal,Title V Operating Permit,,ISSU,2009-08-31 00:00:00,2018-07-12 00:00:00,2023-07-12 00:00:00,805045[54-00008]_Issued_v3.pdf
Northeast,Schuylkill,Mahanoy Township,SCHUYLKILL ENERGY RESOURCES INC,READING ANTHRACITE ELLANGOWAN 45A & COGEN MINE,443393,SCHUYLKILL ENERGY RES/ST NICHOLAS COGEN,467540,Y,Renewal,Title V Operating Permit,,ISSU,2022-12-28 00:00:00,2023-11-16 00:00:00,2028-11-16 00:00:00,1423493[54-00003]_Issued_v1.pdf
Northeast,Schuylkill,Mahanoy Township,WHEELABRATOR FRACKVILLE ENERGY,WHEELABRATOR CULM SVC MOREA BANK,443685,WHEELABRATOR FRACKVILLE/MOREA PLT,467888,N,Renewal,Title V Operating Permit,,ISSU,2009-09-14 00:00:00,2017-12-22 00:00:00,2022-12-22 00:00:00,806859[54-00005]_Issued_v1.pdf
Northeast,Schuylkill,Pine Grove Township,INGENCO WHOLESALE POWER LLC,INGENCO WHOLESALE POWER/LEAR KNITTING MILL,514381,INGENCO WHOLESALE POWER LLC/PINE GROVE TWP,675119,Y,Renewal,Title V Operating Permit,,ISSU,2020-09-22 00:00:00,2022-07-21 00:00:00,2027-07-21 00:00:00,1328930[54-00073]_Issued_v1.pdf
Northeast,Schuylkill,Rush Township,SILBERLINE MFG CO INC,SILBERLINE MFG CO HOMETOWN FACILITY,544455,SILBERLINE MFG CO/LINCOLN DR PLT,510741,Y,Renewal,Title V Operating Permit,,ISSU,2023-09-08 00:00:00,2024-08-06 00:00:00,2029-08-06 00:00:00,1455454[54-00041]_Issued_v1.pdf
Northeast,Schuylkill,West Mahanoy Township,RI-CORP DEVELOPMENT INC,JOHN B RICH MEMORIAL POWER STATION / GILBERTON POWER CO,465079,GILBERTON POWER CO/JOHN B RICH MEM POWER STA,494374,Y,Renewal,Title V Operating Permit,,ISSU,2022-12-23 00:00:00,2023-11-16 00:00:00,2028-11-16 00:00:00,1426542[54-00004]_Issued_v1.pdf
Northeast,Susquehanna,Clifford Township,TENNESSEE GAS PIPELINE CO LLC,TENNESSEE GAS PIPLINE SUSQUEHANNA STA,253558,TENNESSEE GAS PIPELINE CO LLC/COMP STA 321,263726,Y,Amendment,Title V Operating Permit,,ISSU,2024-09-25 00:00:00,2025-04-07 00:00:00,2029-06-18 00:00:00,1507047[58-00001]_Issued_v1.pdf
Northeast,Susquehanna,Susquehanna Depot Borough,BARNES KASSON HOSP,BARNES KASSON HOSP,249680,BARNES KASSON CNTY HOSP/SUSQUEHANNA,494315,N,New,Title V Operating Permit,,ISSU,2001-06-13 00:00:00,2002-03-06 00:00:00,2006-04-01 00:00:00,358653[58-00006]_Issued_v1.pdf
Northeast,Wyoming,Washington Township,PROCTER & GAMBLE PAPER PROD CO,PROCTER & GAMBLE PAPER PRODUCTS CO,237269,PROCTER & GAMBLE PAPER PROD CO/MEHOOPANY,239575,Y,Amendment,Title V Operating Permit,,ISSU,2025-03-28 00:00:00,2025-05-06 00:00:00,2028-04-04 00:00:00,1521767[66-00001]_Issued_v1.pdf
Northwest,Armstrong,Ford City Borough,ELJER INC,ELJER INC FORD CITY PLT,240031,ELJER INC/FORD CITY PLT,513536,N,Modification,Title V Operating Permit,,ISSU,2005-10-13 00:00:00,2006-03-06 00:00:00,2008-02-18 00:00:00,610167[03-00026]_Issued_v1.pdf
Northwest,Armstrong,Leechburg Borough,ATI SPECIALTY ROLLED PROD,ALLEGHENY LUDLUM BAGDAD PLT,487584,ALLEGHENY LUDLUM LLC/BAGDAD,244590,N,New,Title V Operating Permit,,ISSU,2012-03-02 00:00:00,2014-05-27 00:00:00,2019-05-27 00:00:00,1016886[03-00060]_Issued_v1.pdf
Northwest,Armstrong,Plumcreek Township,KEYSTONE CONEMAUGH PROJ LLC,KEYSTONE GENERATING STA,243270,KEYSTONE CONEMAUGH PROJ LLC/KEYSTONE STATION,275229,Y,"Modification, Significant",Title V Operating Permit,,ISSU,2024-01-05 00:00:00,2024-03-14 00:00:00,2025-03-31 00:00:00,1467325[03-00027]_Issued_v1.pdf
Northwest,Armstrong,South Bend Township,ARMSTRONG POWER LLC,ARMSTRONG POWER SOUTH BEND FAC,531340,ARMSTRONG POWER/S BEND,563216,Y,Amendment,Title V Operating Permit,,ISSU,2025-07-21 00:00:00,2025-09-11 00:00:00,2025-10-31 00:00:00,1534781[03-00975]_Issued_v1.pdf
Northwest,Armstrong,South Bend Township,EASTERN GAS TRANS & STORAGE INC,SOUTH BEND COMP STA,246665,EASTERN GAS TRANS & STORAGE INC/SOUTH BEND COMP STA,252420,Y,Renewal,Title V Operating Permit,,ISSU,2021-03-01 00:00:00,2022-06-07 00:00:00,2027-05-31 00:00:00,1344443[03-00180]_Issued_v1.pdf
Northwest,Armstrong,Washington Township,ALLEGHENY ENERGY SUPPLY CO LLC,ARMSTRONG POWER STA,246058,ALLEGHENY ENERGY SUPPLY CO/ARMSTRONG POWER STA,251515,N,Amendment,Title V Operating Permit,,ISSU,2005-08-31 00:00:00,2005-09-29 00:00:00,2006-07-31 00:00:00,605576[03-00023]_Issued_v1.pdf
Northwest,Butler,Butler Township,CLEVELAND CLIFFS STEEL HOLDING CORP,CLEVELAND CLIFFS BUTLER WORKS,462685,CLEVELAND CLIFFS STEEL CORP/ BUTLER WORKS,549775,Y,Renewal,Title V Operating Permit,,ISSU,2023-06-27 00:00:00,2025-06-11 00:00:00,2030-05-31 00:00:00,1445206[10-00001]_Issued_v2.pdf
Northwest,Butler,Clay Township,WASTE MGMT DSPL SVC OF PA INC,NORTHWEST SANI LDFL,243068,WASTE MGMT DSPL SVC/NORTHWEST SANITARY LANDFILL,495428,Y,Renewal,Title V Operating Permit,,ISSU,2020-07-28 00:00:00,2022-04-21 00:00:00,2027-03-31 00:00:00,1321946[10-00285]_Issued_v1.pdf
Northwest,Butler,Cranberry Township,KAWNEER CO INC,KAWNEER CO INC CRANBERRY MFG FAC,239544,KAWNEER CO INC/CRANBERRY TWP,242665,Y,Amendment,Title V Operating Permit,,ISSU,2023-01-25 00:00:00,2023-03-31 00:00:00,2025-10-31 00:00:00,1425001[10-00267]_Issued_v1.pdf
Northwest,Butler,Jackson Township,MARKWEST LIBERTY BLUESTONE LLC,MARKWEST LIBERTY BLUESTONE GAS PROC PLT,743147,MARKWEST LIBERTY BLUESTONE LLC/BLUESTONE GAS PROC PLT,737571,Y,Amendment,Title V Operating Permit,,ISSU,2024-06-03 00:00:00,2024-07-23 00:00:00,2025-01-31 00:00:00,1487067[10-00368]_Issued_v1.pdf
Northwest,Butler,Jackson Township,UNITED DOMINION IND INC,RESOLITE DIV OF STABILIT AMER,243266,RESOLITE STABILIT AMER/ZELIENOPLE,247734,N,Renewal,Title V Operating Permit,,ISSU,2003-05-07 00:00:00,2003-10-07 00:00:00,2008-09-30 00:00:00,504278[10-00266]_Issued_v1.pdf
Northwest,Butler,Jackson Township,SENECA LDFL INC,SENECA LANDFILL INC,524239,SENECA LANDFILL INC/SENECA,510553,Y,Renewal,Title V Operating Permit,,ISSU,2020-06-02 00:00:00,2021-08-25 00:00:00,2026-07-31 00:00:00,1316479[10-00284]_Issued_v1.pdf
Northwest,Butler,Karns City Borough,CALUMET KARNS CITY REF LLC,CALUMET KARNS CITY REF,249888,CALUMET KARNS CITY REF LLC/KARNS CITY,257250,Y,Amendment,Title V Operating Permit,,ISSU,2021-11-29 00:00:00,2022-02-09 00:00:00,2026-02-28 00:00:00,1377462[10-00027]_Issued_v1.pdf
Northwest,Butler,Petrolia Borough,SONNEBORN LLC,SONNEBORN,2755,SONNEBORN INC/PETROLIA PLT,3718,Y,Amendment,Title V Operating Permit,,ISSU,2023-07-26 00:00:00,2023-10-10 00:00:00,2026-10-31 00:00:00,1449368[10-00037]_Issued_v1.pdf
Northwest,Butler,Slippery Rock Township,MERCER LIME COMPANY,MERCER LIME COMPANY,256461,MERCER LIME CO/BRANCHTON PLT,269698,N,Renewal,Title V Operating Permit,,ISSU,2013-08-29 00:00:00,2014-03-24 00:00:00,2019-02-28 00:00:00,991840[10-00023]_Issued_v1.pdf
Northwest,Butler,Winfield Township,ARMSTRONG CEMENT & SUPPLY CORP,ARMSTRONG CEMENT & SUPPLY,254557,ARMSTRONG CEMENT & SUPPLY/WINFIELD,265869,Y,Renewal,Title V Operating Permit,,ISSU,2022-03-29 00:00:00,2023-08-17 00:00:00,2028-07-31 00:00:00,1390115[10-00028]_Issued_v1.pdf
Northwest,Butler,Zelienople Borough,BNZ MATERIALS INC,BNZ MATERIALS,457037,BNZ MATERIALS INC/ZELIENOPLE,493681,Y,Renewal,Title V Operating Permit,,ISSU,2020-07-07 00:00:00,2021-11-12 00:00:00,2026-10-31 00:00:00,1319959[10-00079]_Issued_v1.pdf
Northwest,Butler,Zelienople Borough,XYLEM INC,FB LEOPOLD OFC,526606,FB LEOPOLD CO/ZELIENOPLE,549224,N,Renewal,Title V Operating Permit,,ISSU,2006-12-26 00:00:00,2007-07-19 00:00:00,2012-06-30 00:00:00,660350[10-00311]_Issued_v1.pdf
Northwest,Clarion,Clarion Borough,OWENS BROCKWAY GLASS CONTAINER INC,OWENS BROCKWAY GLASS CONTAINER PLT 17,264049,OWENS-BROCKWAY GLASS/CLARION,283606,N,Renewal,Title V Operating Permit,,ISSU,2008-09-29 00:00:00,2009-04-16 00:00:00,2014-03-31 00:00:00,745949[16-00010]_Issued_v1.pdf
Northwest,Clarion,Elk Township,CLARION BATHWARE INC,CLARION BATHWARE MFG,502355,CLARION BATHWARE/MARBLE,510133,Y,Renewal,Title V Operating Permit,,ISSU,2023-04-17 00:00:00,2024-11-01 00:00:00,2029-10-31 00:00:00,1435899[16-00133]_Issued_v1.pdf
Northwest,Clarion,Paint Township,CLARION BOARDS LLC,CLARION BD,465210,CLARION BOARDS/CLARION PLT,495543,Y,Amendment,Title V Operating Permit,,ISSU,2023-12-06 00:00:00,2024-03-25 00:00:00,2028-06-30 00:00:00,1476056[16-00132]_Issued_v1.pdf
Northwest,Clarion,Piney Township,PINEY CREEK LP,PINEY CREEK POWER PLT,241601,PINEY CREEK LP/PINEY CREEK POWER PLT,245438,N,Renewal,Title V Operating Permit,,ISSU,2011-12-29 00:00:00,2012-09-07 00:00:00,2017-08-31 00:00:00,908706[16-00127]_Issued_v1.pdf
Northwest,Clarion,Redbank Township,NATURES BLEND WOOD PROD INC,ENTERPRISES REAL ESTATE PROP,151,NATURES BLEND NORTH/FAIRMOUNT CITY,190,N,Amendment,Title V Operating Permit,,ISSU,2008-12-10 00:00:00,2009-02-02 00:00:00,2013-08-31 00:00:00,758766[16-00021]_Issued_v1.pdf
Northwest,Crawford,Greenwood Township,VITRO MEADVILLE FLAT GLASS LLC,VITRO MEADVILLE FLAT GLASS MEADVILLE PLT,959,VITRO MEADVILLE FLAT GLASS MEADVILLE PLT/CRAWFORD,1274,Y,Renewal,Title V Operating Permit,,ISSU,2024-03-22 00:00:00,2025-10-22 00:00:00,2030-09-30 00:00:00,1478197[20-00145]_Issued_v1.pdf
Northwest,Crawford,Pine Township,MOLDED FIBER GLASS CO,MOLDED FIBER GLASS TRAY,473,MOLDED FIBER GLASS CO / TRAY COMPANY,614,Y,Renewal,Title V Operating Permit,,ISSU,2022-04-22 00:00:00,2023-02-07 00:00:00,2028-01-31 00:00:00,1393378[20-00035]_Issued_v1.pdf
Northwest,Crawford,Saegertown Borough,LORD CORP,LORD SAEGERTOWN,256639,LORD CORP/SAEGERTOWN,241569,Y,Amendment,Title V Operating Permit,,ISSU,2024-09-16 00:00:00,2024-10-23 00:00:00,2026-03-31 00:00:00,1499588[20-00194]_Issued_v1.pdf
Northwest,Crawford,Vernon Township,CHANNELLOCK INC,CHANNELLOCK PLT 2,482979,CHANNELLOCK INC/PLT 2 CUSSEWAGO,511955,N,New,Title V Operating Permit,,ISSU,1996-02-07 00:00:00,1998-01-09 00:00:00,2003-01-31 00:00:00,354190[20-00082]_Issued_v1.pdf
Northwest,Crawford,Wayne Township,GENON REMA LLC,RELIANT ENERGY WAYNE STA,247006,RELIANT ENERGY MID A/WAYNE CTS,549764,N,Renewal,Title V Operating Permit,,ISSU,2003-01-02 00:00:00,2003-06-13 00:00:00,2008-05-31 00:00:00,487893[20-00265]_Issued_v1.pdf
Northwest,Elk,Benezette Township,EASTERN GAS TRANS & STORAGE INC,EASTERN GAS TRANSMISSION & STORAGE INC ARDELL COMP STA,264093,EASTERN GAS TRANS & STORAGE INC/ARDELL COMP STA/ELK,284268,Y,Renewal,Title V Operating Permit,,ISSU,2024-02-21 00:00:00,2025-09-23 00:00:00,2030-08-31 00:00:00,1473668[24-00120]_Issued_v1.pdf
Northwest,Elk,Benezette Township,AMER EXPLORATION CO,EQT PROD BENEZETTE COMP STA,539051,EQT PRODUCTION LLC/BENEZETTE COMP STA,558888,Y,New,Title V Operating Permit,,ISSU,1995-07-31 00:00:00,1997-08-05 00:00:00,2002-08-31 00:00:00,354218[24-00129]_Issued_v1.pdf
Northwest,Elk,Fox Township,GREENTREE LDFL LLC,GREENTREE LDFL,245233,GREENTREE LDFL LLC/KERSEY,250328,Y,Renewal,Title V Operating Permit,,ISSU,2020-07-17 00:00:00,2023-10-11 00:00:00,2028-09-30 00:00:00,1320816[24-00123]_Issued_v1.pdf
Northwest,Elk,Johnsonburg Borough,DOMTAR PAPER CO LLC,DOMTAR JOHNSONBURG MILL,254781,DOMTAR PAPER CO/JOHNSONBURG MILL,266406,Y,Amendment,Title V Operating Permit,,ISSU,2020-02-20 00:00:00,2020-03-31 00:00:00,2023-04-30 00:00:00,1306043[24-00009]_Issued_v3.pdf
Northwest,Elk,Saint Marys City,GRAFTECH USA LLC,GRAFTECH USA,237623,GRAFTECH USA LLC/ST MARYS,239496,Y,Amendment,Title V Operating Permit,,ISSU,2024-08-26 00:00:00,2024-10-07 00:00:00,2026-08-31 00:00:00,1496638[24-00012]_Issued_v1.pdf
Northwest,Elk,Saint Marys City,MERSEN USA GS CORP - ST MARYS,MERSEN USA GS CORP,264115,MERSEN USA/ST MARYS,283747,Y,Amendment,Title V Operating Permit,,ISSU,2025-01-21 00:00:00,2025-03-19 00:00:00,2026-12-31 00:00:00,1513002[24-00083]_Issued_v1.pdf
Northwest,Erie,Erie City,BASF CORP,BASF CORP,3086,BASF CORPORATION/ERIE,4199,N,New,Title V Operating Permit,,ISSU,2016-08-08 00:00:00,2018-12-06 00:00:00,2023-11-30 00:00:00,1147119[25-00069]_Issued_v4.pdf
Northwest,Erie,Erie City,ERIE COKE CORP,ERIE COKE,48974,ERIE COKE CORP/ERIE PLT,50751,N,Amendment,Title V Operating Permit,,ISSU,2017-06-26 00:00:00,2017-08-01 00:00:00,2018-02-28 00:00:00,1189413[25-00029]_Issued_v1.pdf
Northwest,Erie,Erie City,ERIE CITY SEW AUTH ERIE CNTY,ERIE CITY STP,261499,ERIE SEWER AUTHORITY/ERIE WWTP,278806,Y,Renewal,Title V Operating Permit,,ISSU,2023-12-26 00:00:00,2025-10-01 00:00:00,2030-09-30 00:00:00,1466144[25-00179]_Issued_v1.pdf
Northwest,Erie,Lawrence Park Township,WABTEC US RAIL INC,GE TRANSP ERIE,250723,GE TRANSPORTATION/ERIE PLT,258442,Y,Amendment,Title V Operating Permit,,ISSU,2024-01-31 00:00:00,2024-03-08 00:00:00,2027-10-31 00:00:00,1471273[25-00025]_Issued_v1.pdf
Northwest,Erie,Millcreek Township,HAYSITE REINFORCED PLASTICS LLC,HAYSITE REINFORCED PLASTICS,249297,HAYSITE REINFORCED PLASTICS LLC/ERIE,511900,Y,Renewal,Title V Operating Permit,,ISSU,2023-09-20 00:00:00,2025-09-22 00:00:00,2030-08-31 00:00:00,1455330[25-00783]_Issued_v1.pdf
Northwest,Erie,North East Township,ERIE POWER LLC,NORTH EAST COGENERATION STA,241683,ERIE POWER LLC/NORTH EAST COGENERATION PLT,245571,N,Renewal,Title V Operating Permit,,ISSU,2018-05-29 00:00:00,2019-03-25 00:00:00,2024-02-29 00:00:00,1231032[25-00923]_Issued_v1.pdf
Northwest,Erie,Summit Township,WASTE MGMT PA INC,LAKE VIEW LDFL,250850,WASTE MGMT PA/LAKE VIEW LANDFILL,258605,Y,Renewal,Title V Operating Permit,,ISSU,2020-11-30 00:00:00,2022-04-18 00:00:00,2027-03-31 00:00:00,1334868[25-00920]_Issued_v1.pdf
Northwest,Erie,Union City Borough,ETHAN ALLEN OPR INC,ETHAN ALLEN CHERRY HILL DIV,241572,ETHAN ALLEN INC CHER/UNION CITY PLT,245397,N,Renewal,Title V Operating Permit,,ISSU,2002-06-03 00:00:00,2003-01-22 00:00:00,2007-12-31 00:00:00,385311[25-00316]_Issued_v1.pdf
Northwest,Erie,Union City Borough,MOLDED FIBER GLASS CO,MOLDED FIBER GLASS UNION CITY,4787,MOLDED FIBER GLASS CO/UNION CITY,6474,Y,Renewal,Title V Operating Permit,,ISSU,2023-01-30 00:00:00,2025-05-06 00:00:00,2030-04-30 00:00:00,1425310[25-00035]_Issued_v1.pdf
Northwest,Forest,Howe Township,KINDER MORGAN INC,TENNESSEE GAS PIPELINE MARIENVILLE STA 307,263692,TENNESSEE GAS PIPELINE/MARIENVILLE STA 307,282980,Y,"Modification, Significant",Title V Operating Permit,,ISSU,2022-12-20 00:00:00,2025-06-26 00:00:00,2026-05-31 00:00:00,1421381[27-00015]_Issued_v1.pdf
Northwest,Indiana,Center Township,EVERGREEN LDFL INC,EVERGREEN LDFL,240909,EVERGREEN LANDFILL/FKA PELLEGRENE SITE,516172,Y,Renewal,Title V Operating Permit,,ISSU,2021-06-25 00:00:00,2022-11-30 00:00:00,2027-10-31 00:00:00,1359573[32-00266]_Issued_v1.pdf
Northwest,Indiana,Center Township,HOMER CITY GENERATION LP,HOMER CITY GENERATION LP,236714,HOMER CITY GEN LP/CENTER TWP,262713,Y,"Modification, Significant",Title V Operating Permit,,ISSU,2024-01-05 00:00:00,2024-03-14 00:00:00,2025-11-30 00:00:00,1467327[32-00055]_Issued_v1.pdf
Northwest,Indiana,East Wheatfield Township,SEWARD GENERATION LLC,SEWARD GENERATING STA,244772,SEWARD GENERATING STATION/SEWARD,554653,Y,"Modification, Significant",Title V Operating Permit,,ISSU,2023-10-17 00:00:00,2024-06-26 00:00:00,2026-06-30 00:00:00,1458425[32-00040]_Issued_v1.pdf
Northwest,Indiana,Indiana Borough,SPECIALTY TIRES OF AMER INC,SPECIALTY TIRES OF AMERICA INC,74497,SPECIALTY TIRES AMER/INDIANA PLT,280053,Y,Renewal,Title V Operating Permit,,ISSU,2018-12-21 00:00:00,2020-07-09 00:00:00,2025-06-30 00:00:00,1256369[32-00065]_Issued_v1.pdf
Northwest,Indiana,West Wheatfield Township,KEYSTONE CONEMAUGH PROJ LLC,CONEMAUGH POWER PLT,3349,KEYSTONE CONEMAUGH PROJ LLC/CONEMAUGH STATION,559131,Y,"Modification, Significant",Title V Operating Permit,,ISSU,2024-01-05 00:00:00,2024-03-14 00:00:00,2026-03-31 00:00:00,1467324[32-00059]_Issued_v1.pdf
Northwest,Indiana,West Wheatfield Township,TEXAS EASTERN TRANS LP,TEXAS EASTERN ARMAGH COMP STA,260104,TEXAS EASTERN TRANS LP/ARMAGH STA,275615,Y,Renewal,Title V Operating Permit,,ISSU,2023-11-29 00:00:00,2025-01-30 00:00:00,2029-12-31 00:00:00,1463169[32-00230]_Issued_v1.pdf
Northwest,Jefferson,Brockway Borough,"O-I GLASS, INC.",OWENS BROCKWAY GLASS CONTAINER PLT 18,456508,OWENS BROCKWAY GLASS CONTAINER PLT 18,493291,Y,Renewal,Title V Operating Permit,,ISSU,2023-11-27 00:00:00,2024-11-04 00:00:00,2029-10-31 00:00:00,1462920[33-00033]_Issued_v1.pdf
Northwest,Jefferson,Perry Township,EASTERN GAS TRANS & STORAGE INC,PUNXSUTAWNEY COMP STA,264096,EASTERN GAS TRANS & STORAGE/PUNXSUTAWNEY,283701,Y,Amendment,Title V Operating Permit,,ISSU,2025-05-09 00:00:00,2025-07-10 00:00:00,2028-05-31 00:00:00,1526646[33-00140]_Issued_v1.pdf
Northwest,Jefferson,Snyder Township,"O-I GLASS, INC.",OWENS BROCKWAY GLASS CONTAINER PLT 19,457042,"O-I GLASS, INC/OWENS BROCKWAY GLASS CONTAINER PLT 19",493288,Y,"Modification, Significant",Title V Operating Permit,,ISSU,2023-01-03 00:00:00,2024-08-29 00:00:00,2025-01-31 00:00:00,1422526[33-00002]_Issued_v1.pdf
Northwest,Jefferson,Summerville Borough,GLEN GERY CORP,GLEN GERY HANLEY PLT,257098,GLEN GERY CORP/HANLEY PLANT,270678,Y,Renewal,Title V Operating Permit,,ISSU,2023-03-23 00:00:00,2024-08-28 00:00:00,2029-07-31 00:00:00,1432301[33-00055]_Issued_v1.pdf
Northwest,Lawrence,Ellwood City Borough,AMER METAL RECYCLING LLC,AMER METAL RECYCLING LLC,238881,AMER METAL RECYCLING LLC/ELLWOOD CITY,241793,Y,Amendment,Title V Operating Permit,,ISSU,2024-10-07 00:00:00,2024-11-01 00:00:00,2026-11-30 00:00:00,1501777[37-00243]_Issued_v1.pdf
Northwest,Lawrence,New Castle City,ELLWOOD QUALITY STEELS CO,ELLWOOD QUALITY STEELS,246555,ELLWOOD QUALITY STEELS CO/NEW CASTLE PLT,252268,Y,Renewal,Title V Operating Permit,,ISSU,2021-05-20 00:00:00,2022-08-25 00:00:00,2027-07-31 00:00:00,1354934[37-00264]_Issued_v1.pdf
Northwest,Lawrence,North Beaver Township,HICKORY RUN ENERGY LLC,HICKORY RUN ENERGY STA,765898,HICKORY RUN ENERGY LLC/NORTH BEAVER TWP,756740,Y,New,Title V Operating Permit,,ISSU,2023-08-22 00:00:00,2025-07-15 00:00:00,2030-06-30 00:00:00,1451743[37-00337]_Issued_v1.pdf
Northwest,Lawrence,Shenango Township,BALL METALPACK AEROSOL CONTAINER LLC,US CAN,245380,US CAN CO/NEW CASTLE PLT,250560,N,Amendment,Title V Operating Permit,,ISSU,2003-06-30 00:00:00,2003-07-28 00:00:00,2007-09-30 00:00:00,511099[37-00248]_Issued_v1.pdf
Northwest,Lawrence,Taylor Township,NEW CASTLE POWER LLC,NEW CASTLE GENERATING STA,2749,NEW CASTLE POWER LLC/NEW CASTLE GENERATING STATION,3700,Y,Renewal,Title V Operating Permit,,ISSU,2022-11-01 00:00:00,2025-06-10 00:00:00,2030-05-31 00:00:00,1416137[37-00023]_Issued_v1.pdf
Northwest,Lawrence,Taylor Township,PRAXIS CO LLC,RWE HOLDING WHSE,248550,PRAXIS NORTHEAST/TAYLOR TWP,254930,N,Renewal,Title V Operating Permit,,ISSU,2011-05-09 00:00:00,2012-05-04 00:00:00,2017-04-30 00:00:00,879524[37-00059]_Issued_v1.pdf
Northwest,Lawrence,Wampum Borough,CEMEX CONST MATERIALS ATLANTIC LLC,CEMEX WAMPUM CEMENT PLT,242104,WAMPUM CEMENT PLT/LAWRENCE,246188,Y,Renewal,Title V Operating Permit,,ISSU,2021-09-01 00:00:00,2023-01-17 00:00:00,2027-12-31 00:00:00,1367906[37-00013]_Issued_v2.pdf
Northwest,McKean,Bradford City,AMER REF GROUP INC,AMERICAN REFINING GROUP,250835,AMER REF GROUP/BRADFORD,258588,Y,Renewal,Title V Operating Permit,,ISSU,2022-06-30 00:00:00,2024-07-31 00:00:00,2029-07-31 00:00:00,1401713[42-00004]_Issued_v1.pdf
Northwest,McKean,Keating Township,INTL WAXES INC,INTL WAXES PLT,264504,INTL WAXES INC/FARMERS VALLEY,284248,Y,Amendment,Title V Operating Permit,,ISSU,2023-04-24 00:00:00,2023-12-15 00:00:00,2027-01-31 00:00:00,1437637[42-00011]_Issued_v1.pdf
Northwest,McKean,Port Allegany Borough,ARDAGH GLASS INC,ARDAGH GLASS,3373,ARDAGH GLASS INC/PORT ALLEGANY PLT,4578,Y,Amendment,Title V Operating Permit,,ISSU,2023-03-28 00:00:00,2023-05-22 00:00:00,2024-10-31 00:00:00,1433478[42-00028]_Issued_v1.pdf
Northwest,McKean,Port Allegany Borough,PGH CORNING CORP,PGH CORNING GLASS MFG,236406,PGH CORNING CORP/PORT ALLEGANY,238387,N,Modification,Title V Operating Permit,,ISSU,2013-11-20 00:00:00,2014-04-30 00:00:00,2018-09-30 00:00:00,1003212[42-00009]_Issued_v2.pdf
Northwest,McKean,Sergeant Township,CASELLA WASTE MGMT OF PA INC,MCKEAN CNTY LDFL,237360,CASELLA WASTE MGMT OF PA INC/MCKEAN CNTY LDFL,511497,Y,Renewal,Title V Operating Permit,,ISSU,2022-05-19 00:00:00,2023-11-28 00:00:00,2028-10-31 00:00:00,1396933[42-00174]_Issued_v1.pdf
Northwest,McKean,Sergeant Township,GEORGIA PACIFIC PANEL PRODUCTS LLC,GEORGIA PACIFIC MT JEWETT MDF,253873,GEORGIA PACIFIC PANEL PRODUCTS LLC/MOUNT JEWETT MDF,493871,Y,Renewal,Title V Operating Permit,,ISSU,2022-04-22 00:00:00,2025-06-24 00:00:00,2030-05-31 00:00:00,1393402[42-00158]_Issued_v1.pdf
Northwest,Mercer,Farrell  City,TOP GUN INVESTMENT CORP II,NLMK PA,236852,NLMK PENNSYLVANIA LLC/FARRELL PLT,238999,Y,Amendment,Title V Operating Permit,,ISSU,2022-04-11 00:00:00,2022-06-27 00:00:00,2026-04-30 00:00:00,1391823[43-00310]_Issued_v1.pdf
Northwest,Mercer,Greenville Borough,VEC TECH LLC,INTEGRATED FABRICATION & MACHINE,495053,VEC TECHNOLOGY/ GREENVILLE,552629,N,Renewal,Title V Operating Permit,,ISSU,2012-06-01 00:00:00,2013-01-29 00:00:00,2017-12-31 00:00:00,930083[43-00314]_Issued_v1.pdf
Northwest,Mercer,Hermitage City,ZEKELMAN IND INC,WHEATLAND TUBE COUNCIL AVENUE PLT,241430,WHEATLAND TUBE COUNCIL AVE PLT/WHEATLAND TUBE LLC,245196,Y,"Modification, Significant",Title V Operating Permit,,ISSU,2022-12-27 00:00:00,2025-02-18 00:00:00,2025-09-30 00:00:00,1422966[43-00182]_Issued_v1.pdf
Northwest,Mercer,Jefferson Township,KINDER MORGAN INC,TENNESSEE GAS PIPELINE COMP STA 219,264054,TENNESSEE GAS PIPELINE CO LLC/MERCER STA 219,283619,Y,Renewal,Title V Operating Permit,,ISSU,2023-06-29 00:00:00,2025-06-26 00:00:00,2030-05-31 00:00:00,1445480[43-00272]_Issued_v1.pdf
Northwest,Mercer,Pine Township,WABTEC US RAIL INC,GE TRANSPORTATION A WEBTEC CO,2282,WABTEC US RAIL GROVE CITY ENGINE/MERCER,3015,Y,Renewal,Title V Operating Permit,,ISSU,2021-01-14 00:00:00,2022-05-24 00:00:00,2027-04-30 00:00:00,1340900[43-00196]_Issued_v1.pdf
Northwest,Mercer,Pymatuning Township,GREENVILLE METALS INC,GREENVILLE METALS,446252,GREENVILLE METALS INC/TRANSFER,493036,Y,Renewal,Title V Operating Permit,,ISSU,2021-09-13 00:00:00,2023-09-12 00:00:00,2028-08-31 00:00:00,1369087[43-00011]_Issued_v2.pdf
Northwest,Mercer,Pymatuning Township,SALEM TUBE INC,SALEM TUBE INC,246940,SALEM TUBE INC/GREENVILLE REYNOLDS IND PK,252814,Y,Renewal,Title V Operating Permit,,ISSU,2024-07-19 00:00:00,2025-07-01 00:00:00,2030-06-30 00:00:00,1492594[43-00142]_Issued_v1.pdf
Northwest,Mercer,Sugar Grove Township,SIGNATURE ALUM INC,ILSCO EXTRUSIONS,242147,SIGNATURE ALUM INC/GREENVILLE,495869,N,Transfer,Title V Operating Permit,,ISSU,2007-01-22 00:00:00,2007-02-22 00:00:00,2010-04-30 00:00:00,663234[43-00170]_Issued_v2.pdf
Northwest,Mercer,West Middlesex Borough,JONES PERFORMANCE PROD INC,JONES PERFORMANCE PRODUCTS INC,456876,JONES PERFORMANCE PR/WEST MIDDLESEX,515397,Y,Renewal,Title V Operating Permit,,ISSU,2021-12-21 00:00:00,2023-02-07 00:00:00,2028-01-31 00:00:00,1379480[43-00287]_Issued_v1.pdf
Northwest,Venango,Cornplanter Township,SASOL CHEM USA LLC,SASOL CHEMICALS USA LLC,241645,SASOL CHEM USA LLC/OIL CITY,245519,N,"Modification, Significant",Title V Operating Permit,,ISSU,2019-10-07 00:00:00,2020-02-18 00:00:00,2024-05-21 00:00:00,1298993[61-00011]_Issued_v1.pdf
Northwest,Venango,Oil City City,GO CARLSON INC,ELECTRALLOY,243258,ELECTRALLOY GO CARLSON/OIL CITY,247724,Y,Renewal,Title V Operating Permit,,ISSU,2024-04-26 00:00:00,2025-10-22 00:00:00,2030-09-30 00:00:00,1482294[61-00004]_Issued_v1.pdf
Northwest,Venango,Rockland Township,HANDSOME LAKE ENERGY LLC,HANDSOME LAKE ENERGY,530652,HANDSOME LAKE ENERGY LLC/KENNERDELL,552411,Y,Amendment,Title V Operating Permit,,ISSU,2024-07-15 00:00:00,2024-07-18 00:00:00,2028-11-30 00:00:00,1492081[61-00198]_Issued_v1.pdf
Northwest,Venango,Scrubgrass Township,SCRUBGRASS RECLAMATION CO LP,SCRUBGRASS GENERATING PLT,244381,SCRUBGRASS GENERATING PLT/VENANGO,249192,Y,Amendment,Title V Operating Permit,,ISSU,2022-01-13 00:00:00,2022-04-04 00:00:00,2023-06-30 00:00:00,1381566[61-00181]_Issued_v1.pdf
Northwest,Warren,Brokenstraw Township,ELLWOOD NATL FORGE CO,ELLWOOD NATIONAL FORGE CO,614967,ELLWOOD NATL FORGE/IRVINE,557078,Y,Amendment,Title V Operating Permit,,ISSU,2025-06-09 00:00:00,2025-07-31 00:00:00,2028-02-29 00:00:00,1529899[62-00032]_Issued_v1.pdf
Northwest,Warren,Clarendon Borough,BERENFIELD CONTAINERS INC,BERENFIELD CONTAINERS,239474,BERENFIELD CONTAINERS INC/CLARENDON PLT,242572,N,Amendment,Title V Operating Permit,,ISSU,2011-09-28 00:00:00,2011-10-19 00:00:00,2014-09-30 00:00:00,897811[62-00136]_Issued_v1.pdf
Northwest,Warren,Conewango Township,WARREN GENERATION LLC,WARREN COMBUSTION TURBINE,841088,WARREN GENERATION LLC/WARREN COMBUSTION TURBINE,547481,Y,Amendment,Title V Operating Permit,,ISSU,2024-01-09 00:00:00,2024-02-13 00:00:00,2026-03-31 00:00:00,1467601[62-00012]_Issued_v1.pdf
Northwest,Warren,Sheffield Township,NATL FUEL GAS SUPPLY CORP,NATL FUEL GAS ROYSTONE COMP STA,264505,NATL FUEL GAS SUPPLY CORP/ROYSTONE COMP STA,284254,Y,Amendment,Title V Operating Permit,,ISSU,2024-08-26 00:00:00,2024-10-01 00:00:00,2028-05-31 00:00:00,1496608[62-00141]_Issued_v1.pdf
Northwest,Warren,Warren City,UNITED REF CO OF PA,UNITED REF,248984,UNITED REFINING CO/WARREN PLT,255673,Y,Renewal,Title V Operating Permit,,ISSU,2023-06-23 00:00:00,2025-12-15 00:00:00,2030-11-30 00:00:00,1444873[62-00017]_Issued_v1.pdf
Southcentral,Adams,Conewago Township,MCCLARIN PLASTICS LLC,MCCLARIN PLASTICS LLC,240173,MCCLARIN PLASTICS LLC/BLETTNER AVE,243524,Y,Renewal,Title V Operating Permit,,ISSU,2023-08-29 00:00:00,2024-02-06 00:00:00,2029-02-28 00:00:00,1453924[01-05041]_Issued_v1.pdf
Southcentral,Adams,Cumberland Township,SCHINDLER ELEVATOR CORP,FORMER WESTINGHOUSE ELEVATOR PLT,252734,SCHINDLER ELEVATOR CORP/GETTYSBURG,262321,N,Renewal,Title V Operating Permit,,ISSU,2010-01-07 00:00:00,2011-03-07 00:00:00,2016-03-31 00:00:00,818805[01-05007]_Issued_v1.pdf
Southcentral,Adams,Liberty Township,US DOD,RAVEN ROCK MTN COMPLEX,452770,US DOD/RAVEN ROCK MTN COMPLEX,480163,Y,Renewal,Title V Operating Permit,,ISSU,2023-01-30 00:00:00,2023-08-17 00:00:00,2028-08-31 00:00:00,1425094[01-05009]_Issued_v1.pdf
Southcentral,Adams,Littlestown Borough,ARISTOKRAFT INC AKA NATIONALBRAND CABINETS INC,MASTERBRAND CABINET PLT LITTLESTOWN,246188,MASTERBRAND CABINETS/LITTLESTOWN FKA ARISTOKRAFT,251730,N,Renewal,Title V Operating Permit,,ISSU,2005-02-01 00:00:00,2005-07-18 00:00:00,2010-07-31 00:00:00,580470[01-05002]_Issued_v2.pdf
Southcentral,Adams,Oxford Township,CARMEUSE LIME INC,HANOVER QUARRY,247873,CARMEUSE LIME INC/HANOVER LIME PLT,254013,N,Renewal,Title V Operating Permit,,ISSU,2004-10-01 00:00:00,2005-08-11 00:00:00,2010-08-31 00:00:00,568264[01-05023]_Issued_v1.pdf
Southcentral,Adams,Straban Township,COLUMBIA GAS TRANS LLC,COLUMBIA GAS ADAMS CNTY PIPELINE & COMPRESSOR STA,442225,COLUMBIA GAS TRANS CORP/GETTYSBURG COMP STA,465781,Y,Renewal,Title V Operating Permit,,ISSU,2023-04-28 00:00:00,2024-05-02 00:00:00,2029-05-31 00:00:00,1437988[01-05003]_Issued_v1.pdf
Southcentral,Adams,Straban Township,HUNTERSTOWN GENERATION LLC,HUNTERSTOWN COMBUSTION TURBINE,245532,HUNTERSTOWN GENERATION LLC/HUNTERSTOWN MAIN PLT,651965,Y,Renewal,Title V Operating Permit,,ISSU,2024-10-22 00:00:00,2026-01-16 00:00:00,2031-01-31 00:00:00,1503897[01-05029]_Issued_v1.pdf
Southcentral,Bedford,Bedford Township,HEDSTROM CORP,DEFIANCE METAL PROD BEDFORD,443873,HEDSTROM CORP/BEDFORD PLT,468181,N,New,Title V Operating Permit,,ISSU,1995-09-11 00:00:00,2000-05-25 00:00:00,2005-06-30 00:00:00,354251[05-05002]_Issued_v1.pdf
Southcentral,Bedford,Broad Top Township,SANDY RUN LDFL LLC,SANDY RUN LDFL,451508,SANDY RUN LDFL LLC/HOPEWELL,640059,Y,Renewal,Title V Operating Permit,,ISSU,2022-01-25 00:00:00,2022-08-05 00:00:00,2027-08-31 00:00:00,1382952[05-05014]_Issued_v1.pdf
Southcentral,Bedford,East Saint Clair Township,BEDFORD REINFORCED PLASTICS INC,BEDFORD REINFORCED PLASTICS INC,451750,BEDFORD REINFORCED PLASTICS/BEDFORD PLT,478781,Y,Renewal,Title V Operating Permit,,ISSU,2025-05-29 00:00:00,2025-09-16 00:00:00,2030-11-30 00:00:00,1529065[05-05022]_Issued_v3.pdf
Southcentral,Bedford,King Township,CORLE BLDG SYS INC,CORLE BLDG SYS,658893,CORLE BLDG SYS INC/BEDFORD CNTY,756634,Y,Renewal,Title V Operating Permit,,ISSU,2025-02-24 00:00:00,2026-01-09 00:00:00,2031-01-31 00:00:00,1517127[05-05027]_Issued_v1.pdf
Southcentral,Bedford,Mann Township,COLUMBIA GAS TRANS LLC,COLUMBIA GAS TRANS,270481,COLUMBIA GAS TRANS LLC/ARTEMAS COMP STA,465799,Y,Renewal,Title V Operating Permit,,ISSU,2023-07-25 00:00:00,2024-07-16 00:00:00,2029-07-31 00:00:00,1448413[05-05006]_Issued_v1.pdf
Southcentral,Bedford,Napier Township,BEDFORD TECH PROD LLC,BEDFORD TECH PROD,452149,BEDFORD TECH PROD LLC/BEDFORD,469647,Y,Renewal,Title V Operating Permit,,ISSU,2020-10-02 00:00:00,2021-08-04 00:00:00,2026-08-31 00:00:00,1329378[05-05005]_Issued_v1.pdf
Southcentral,Bedford,Saxton Borough,SETON CO,SAXTON LEATHER PROC,262005,SETON/SAXTON PLT,280095,N,Renewal,Title V Operating Permit,,ISSU,2007-10-17 00:00:00,2008-09-30 00:00:00,2013-09-30 00:00:00,698436[05-05004]_Issued_v1.pdf
Southcentral,Bedford,West Saint Clair Township,HILL & SMITH HOLDINGS INC,CREATIVE PULTRUSION FIBERGLASS PULTRUSION,262055,CREATIVE PULTRUSIONS INC/ W ST CLAIR,280164,Y,Renewal,Title V Operating Permit,,ISSU,2023-09-13 00:00:00,2024-02-27 00:00:00,2029-08-31 00:00:00,1454558[05-05021]_Issued_v1.pdf
Southcentral,Berks,Birdsboro Borough,BIRDSBORO POWER LLC,BIRDSBORO POWER LLC NGCC PROJ,809342,BIRDSBORO POWER LLC/BIRDSBORO POWER PROJECT,802958,Y,New,Title V Operating Permit,,ISSU,2019-10-31 00:00:00,2020-12-31 00:00:00,2025-12-31 00:00:00,1294817[06-05154]_Issued_v2.pdf
Southcentral,Berks,Boyertown Borough,BOYERTOWN FOUNDRY CO,BOYERTOWN FOUNDRY CO,238992,BOYERTOWN FOUNDRY CO/FKA EAFCO,241933,N,Renewal,Title V Operating Permit,,ISSU,2019-10-21 00:00:00,2020-06-16 00:00:00,2025-07-31 00:00:00,1293221[06-05063]_Issued_v2.pdf
Southcentral,Berks,Caernarvon Township,EDL HOLDINGS US INC,ENERGY DEVS LDFL GAS TRMT PLT CAERNARVON,751728,ENERGY DEVS MORGANTOWN LLC/CAERNARVON TWP,651609,Y,Renewal,Title V Operating Permit,,ISSU,2023-09-27 00:00:00,2023-10-05 00:00:00,2028-10-31 00:00:00,1456722[06-05115]_Issued_v1.pdf
Southcentral,Berks,Colebrookdale Township,PKG GROUP INC,THE PKG GROUP INC BOYERTOWN PLT,239230,PACKAGING GROUP/BOYERTOWN PRINTING PLT,242291,N,Amendment,Title V Operating Permit,,ISSU,2003-03-12 00:00:00,2003-04-22 00:00:00,2005-08-31 00:00:00,501919[06-05017]_Issued_v1.pdf
Southcentral,Berks,Cumru Township,NEXTERA RENEWABLE FUELS LLC,WESTERN BERKS COMM LDFL & RECYCLING CTR/ BIRDSBORO,451623,NEXTERA RENEWABLE FUELS LLC/WESTERN BERKS LDFL,859217,Y,New,Title V Operating Permit,,ISSU,2024-09-06 00:00:00,2025-04-08 00:00:00,2030-04-30 00:00:00,1498445[06-05160]_Issued_v1.pdf
Southcentral,Berks,Cumru Township,WESTERN BERKS LDFL ACQUISITION CO LLC,WESTERN BERKS COMM LDFL & RECYCLING CTR/ BIRDSBORO,451623,WB COMM LDFL & RCYL CTR/WESTERN BERKS LDFL,546100,Y,Modification,Title V Operating Permit,,ISSU,2022-03-08 00:00:00,2022-06-21 00:00:00,2025-11-30 00:00:00,1386883[06-05112]_Issued_v1.pdf
Southcentral,Berks,Earl Township,DELAWARE CNTY SWA,ROLLING HILLS LDFL,462599,DELAWARE CNTY SWA/ROLLING HILLS MUNI WASTE LDFL,510042,Y,Amendment,Title V Operating Permit,,ISSU,2023-11-15 00:00:00,2024-01-19 00:00:00,2026-02-28 00:00:00,1462025[06-05081]_Issued_v1.pdf
Southcentral,Berks,Exeter Township,FR & S INC,PIONEER CROSSING LANDFILL,463199,FR&S INC/PIONEER CROSSING LDFL,493977,Y,"Modification, Significant",Title V Operating Permit,,ISSU,2023-09-28 00:00:00,2024-03-04 00:00:00,2028-05-31 00:00:00,1456427[06-05078]_Issued_v2.pdf
Southcentral,Berks,Exeter Township,PIONEER CROSSING ENERGY LLC,PIONEER CROSSING LANDFILL,463199,PIONEER CROSSING ENERGY LLC/EXETER,668703,Y,Renewal,Title V Operating Permit,,ISSU,2022-04-28 00:00:00,2023-05-05 00:00:00,2028-05-31 00:00:00,1393868[06-05105]_Issued_v5.pdf
Southcentral,Berks,Fleetwood Borough,GST AUTOLEATHER INC,GST AUTOLEATHER FLEETWOOD PLT,245003,GST AUTOLEATHER/FLEETWOOD PLT,249972,N,Renewal,Title V Operating Permit,,ISSU,2002-10-02 00:00:00,2004-01-08 00:00:00,2009-01-31 00:00:00,478816[06-05014]_Issued_v1.pdf
Southcentral,Berks,Maidencreek Township,HEIDELBERG MATERIALS US CEMENT LLC,HEIDLEBERG MATERIALS US CEMENT EVANSVILLE PLT,256042,HEIDELBERG MATERIALS US CEMENT LLC/EVANSVILLE CEMENT PLT & Q,268834,Y,Renewal,Title V Operating Permit,,ISSU,2025-04-23 00:00:00,2025-11-03 00:00:00,2030-11-30 00:00:00,1524573[06-05002]_Issued_v1.pdf
Southcentral,Berks,Muhlenberg Township,EXIDE TECH,FORMER EXIDE TRUST READING,451099,EXIDE TECH/READING SMELTER,477851,N,Renewal,Title V Operating Permit,,ISSU,2005-02-01 00:00:00,2010-09-23 00:00:00,2015-09-30 00:00:00,580599[06-05066]_Issued_v1.pdf
Southcentral,Berks,Muhlenberg Township,NPX ONE LLC,NPX ONE LLC,512834,NPX ONE/READING,245616,Y,Renewal,Title V Operating Permit,,ISSU,2024-03-28 00:00:00,2025-08-06 00:00:00,2030-08-31 00:00:00,1479307[06-05036]_Issued_v1.pdf
Southcentral,Berks,New Morgan Borough,NEW MORGAN LDFL CO INC,CONESTOGA LDFL,505264,NEW MORGAN LDFL CO INC/CONESTOGA LDFL NEW MORGAN B,509799,Y,Renewal,Title V Operating Permit,,ISSU,2021-09-17 00:00:00,2022-09-09 00:00:00,2027-09-30 00:00:00,1369609[06-05085]_Issued_v1.pdf
Southcentral,Berks,Ontelaunee Township,ONTELAUNEE POWER OPR CO LLC,ONTELAUNEE ENERGY CENTER,524211,ONTELAUNEE POWER OPR CO LLC/ONTELAUNEE PLT,547395,Y,Renewal,Title V Operating Permit,,ISSU,2021-04-01 00:00:00,2022-05-10 00:00:00,2027-05-31 00:00:00,1347896[06-05100]_Issued_v2.pdf
Southcentral,Berks,Ontelaunee Township,READING COMPOUNDS INC,READING COMPOUNDS PLASTIC RESIN MFG PLT LEESPORT,242164,READING COMPOUNDS INC/READING,246284,N,New,Title V Operating Permit,,ISSU,2008-01-08 00:00:00,2008-08-14 00:00:00,2013-08-31 00:00:00,709987[06-05126]_Issued_v2.pdf
Southcentral,Berks,Perry Township,GLEN GERY CORP,GLEN GERY SHOEMAKERSVILLE 2 QUARRY,392316,GLEN GERY CORP/MID ATLANTIC PLT,493615,Y,Renewal,Title V Operating Permit,,ISSU,2022-11-21 00:00:00,2023-11-30 00:00:00,2028-11-30 00:00:00,1418190[06-05065]_Issued_v2.pdf
Southcentral,Berks,Reading City,CARPENTER TECH CORP,CARPENTER TECHNOLOGY CORPORATION,445262,CARPENTER TECH CORP/READING PLT,470235,Y,"Modification, Significant",Title V Operating Permit,,ISSU,2022-12-30 00:00:00,2025-02-05 00:00:00,2027-03-31 00:00:00,1422626[06-05007]_Issued_v1.pdf
Southcentral,Berks,Reading City,GLIDDEN CO,GLIDDEN PAINT MFG PLT READING,239180,GLIDDEN DBA ICI PAINTS/READING,242205,N,Renewal,Title V Operating Permit,,ISSU,2004-09-01 00:00:00,2005-03-02 00:00:00,2010-03-31 00:00:00,564876[06-05035]_Issued_v1.pdf
Southcentral,Berks,Reading City,BALDWIN HDWR CORP,STANLEY BLACK & DECKER READING FAC FORMER BALDWIN HARDWARE,443168,TMAP REALTY LLC/READING,467160,N,Renewal,Title V Operating Permit,,ISSU,2009-08-31 00:00:00,2010-03-22 00:00:00,2015-03-31 00:00:00,805087[06-05004]_Issued_v1.pdf
Southcentral,Berks,Richmond Township,EAST PENN MFG CO,EAST PENN MFG LYONS SMELTER & BATTERY PLT,444337,EAST PENN MFG CO INC/BATTERY ASSEMBLY,468924,Y,Amendment,Title V Operating Permit,,ISSU,2024-04-25 00:00:00,2024-05-08 00:00:00,2027-09-30 00:00:00,1482218[06-05069]_Issued_v1.pdf
Southcentral,Berks,Richmond Township,EAST PENN MFG CO,EAST PENN MFG LYONS SMELTER & BATTERY PLT,444337,EAST PENN MFG CO INC/SMELTER PLT,513312,Y,"Modification, Significant",Title V Operating Permit,,ISSU,2022-12-21 00:00:00,2023-11-14 00:00:00,2027-06-30 00:00:00,1440440[06-05040]_Issued_v1.pdf
Southcentral,Berks,Saint Lawrence Borough,FLEETWOOD IND INC,FLEETWOOD IND ST LAWRENCE WOOD FIXTURE PLT,502578,FLEETWOOD IND/READING FACILITY,493645,N,New,Title V Operating Permit,,ISSU,2004-08-02 00:00:00,2006-01-05 00:00:00,2010-12-31 00:00:00,561788[06-05049]_Issued_v2.pdf
Southcentral,Berks,Spring Township,ENERGY TRANSFER MKT & TERM LP,MONTELLO TERMINAL,442130,ENERGY TRANSFER MARKETING & TERMINALS LP/MONTELLO TERMINAL,465630,Y,Renewal,Title V Operating Permit,,ISSU,2024-03-27 00:00:00,2025-02-07 00:00:00,2030-02-28 00:00:00,1478881[06-05064]_Issued_v1.pdf
Southcentral,Berks,Spring Township,SUNOCO PIPELINE LP,MONTELLO TERMINAL,442130,SUNOCO PIPELINE LP/MONTELLO PUMP STATION,465629,Y,Renewal,Title V Operating Permit,,ISSU,2024-12-16 00:00:00,2025-04-01 00:00:00,2031-02-28 00:00:00,1509785[06-05050]_Issued_v1.pdf
Southcentral,Blair,Allegheny Township,ALTOONA TERM DE LLC,ALTOONA BULK PETROLEUM STORAGE TERM,443625,ALTOONA TERM DE LLC/ALTOONA,467812,Y,Renewal,Title V Operating Permit,,ISSU,2025-01-15 00:00:00,2025-06-26 00:00:00,2030-07-31 00:00:00,1512661[07-05004B]_Issued_v1.pdf
Southcentral,Blair,Allegheny Township,ST PROD LLC DBA WIELAND SMALL TUBE PROD,ST PRODUCTS LLC DBA WIELAND SMALL TUBE PRODUCTS,254652,ST PROD LLC DBA WIELAND SMALL TUBE PROD/ALTOONA,266025,Y,Renewal,Title V Operating Permit,,ISSU,2025-06-03 00:00:00,2025-09-30 00:00:00,2030-12-31 00:00:00,1529400[07-05010]_Issued_v1.pdf
Southcentral,Blair,Hollidaysburg Borough,CURRY SUPPLY CO,CURRY SUPPLY CO,450714,CURRY SUPPLY CO/HOLLIDAYSBURG,808453,Y,Renewal,Title V Operating Permit,,ISSU,2024-10-09 00:00:00,2025-08-20 00:00:00,2030-09-30 00:00:00,1502709[07-05045]_Issued_v1.pdf
Southcentral,Blair,Hollidaysburg Borough,NORFOLK SOUTHERN RAILWAY CO,CURRY SUPPLY CO,450714,NORFOLK SOUTHERN RAILWAY CO/HOLLIDAYSBURG CAR SHOP,477318,N,New,Title V Operating Permit,,ISSU,1995-09-22 00:00:00,2000-07-27 00:00:00,2005-08-31 00:00:00,354175[07-05002]_Issued_v1.pdf
Southcentral,Blair,Roaring Spring Borough,ROARING SPRING PARK LLC,ROARING SPRING PARK,240053,ROARING SPRING PARK LLC/BLAIR COUNTY,243349,N,Amendment,Title V Operating Permit,,ISSU,2021-09-07 00:00:00,2021-11-12 00:00:00,2026-01-31 00:00:00,1369146[07-05001]_Issued_v1.pdf
Southcentral,Cumberland,Carlisle Borough,CARLISLE TIRE & WHEEL CO,RE INVEST TIRE & WHEEL RENEWAL (CARLISLE TIRE & WHEEL MFG),452577,CARLISLE TIRE & WHEEL/COLLEGE STREET,479891,N,Renewal,Title V Operating Permit,,ISSU,2007-09-14 00:00:00,2008-03-05 00:00:00,2013-03-31 00:00:00,694701[21-05003]_Issued_v1.pdf
Southcentral,Cumberland,Hampden Township,ENERGY TRANSFER MKT & TERM LP,SUNOCO PARTNERS MECHANICSBURG PETRO PROD TERM,502744,SUNOCO PARTNERS MKT & TERM LP/MECHANICSBURG,478470,N,Renewal,Title V Operating Permit,,ISSU,2018-09-28 00:00:00,2019-06-18 00:00:00,2024-06-30 00:00:00,1247604[21-05029]_Issued_v1.pdf
Southcentral,Cumberland,Hopewell Township,COMM REFUSE SVC LLC,COMM REFUSE SVC CUMBERLAND CNTY LDFL,254520,COMM REFUSE SVC INC/CUMBERLAND CNTY LDFL,494296,Y,Renewal,Title V Operating Permit,,ISSU,2023-11-29 00:00:00,2024-12-05 00:00:00,2029-12-31 00:00:00,1463294[21-05031]_Issued_v2.pdf
Southcentral,Cumberland,Hopewell Township,NEXTERA RENEWABLE FUELS LLC,COMM REFUSE SVC CUMBERLAND CNTY LDFL,254520,NEXTERA RENEWABLE FUELS LLC/CUMBERLAND CNTY LDFL,703460,Y,Renewal,Title V Operating Permit,,ISSU,2020-12-02 00:00:00,2022-02-10 00:00:00,2027-02-28 00:00:00,1335104[21-05053]_Issued_v1.pdf
Southcentral,Cumberland,South Middleton Township,VITRO FLAT GLASS LLC,VITRO FLAT GLASS MFG PLT,248363,VITRO FLAT GLASS LLC/CARLISLE,254696,Y,Renewal,Title V Operating Permit,,ISSU,2021-02-02 00:00:00,2022-02-16 00:00:00,2027-02-28 00:00:00,1341232[21-05002]_Issued_v1.pdf
Southcentral,Dauphin,Harrisburg City,THE AMES CO INC,THE AMES COMPANIES INC HARRISBURG,248956,AMES TRUE TEMPER INC/HARRISBURG,556211,Y,Renewal,Title V Operating Permit,,ISSU,2018-03-01 00:00:00,2018-12-21 00:00:00,2023-12-31 00:00:00,1219406[22-05014]_Issued_v1.pdf
Southcentral,Dauphin,Harrisburg City,ENERGY CTR HBG LLC,ENERGY CENTER HARRISBURG LLC,253439,ENERGY CTR HBG LLC/ENERGY CTR PAXTON LLC,561026,Y,Renewal,Title V Operating Permit,,ISSU,2025-05-16 00:00:00,2025-12-23 00:00:00,2030-12-31 00:00:00,1527495[22-05005]_Issued_v2.pdf
Southcentral,Dauphin,Harrisburg City,LANCASTER CNTY SWMA,SUSQUEHANNA RESOURCE MANAGEMENT COMPLEX,450856,LANCASTER CNTY SWMA/SUSQ RESOURCE MGMT COMPLEX,481371,Y,Renewal,Title V Operating Permit,,ISSU,2022-05-09 00:00:00,2023-02-14 00:00:00,2028-02-29 00:00:00,1395943[22-05007]_Issued_v2.pdf
Southcentral,Dauphin,Harrisburg City,PA TERM CORP,PA TERMINALS DE LLC,443696,PA TERM CORP/LUCKNOW TERMINAL,467906,N,Renewal,Title V Operating Permit,,ISSU,2008-10-30 00:00:00,2009-12-22 00:00:00,2014-12-31 00:00:00,816256[22-05026]_Issued_v1.pdf
Southcentral,Dauphin,Steelton Borough,CLEVELAND-CLIFFS STEELTON LLC,CLEVELAND CLIFFS STEELTON LLC,444261,CLEVELAND CLIFFS STEELTON LLC/STEELTON,468809,Y,"Modification, Significant",Title V Operating Permit,,ISSU,2022-12-22 00:00:00,2024-01-02 00:00:00,2028-02-29 00:00:00,1422506[22-05012]_Issued_v3.pdf
Southcentral,Dauphin,Steelton Borough,DURA BOND PIPE LLC,DURA BOND STEEL PIPE COATING STEELTON PLT,253373,DURA BOND PIPE LLC/STEELTON,263454,Y,Renewal,Title V Operating Permit,,ISSU,2021-02-10 00:00:00,2022-03-10 00:00:00,2027-03-31 00:00:00,1342646[22-05047]_Issued_v1.pdf
Southcentral,Franklin,Antrim Township,GROVE US LLC,GROVE US LLC- SHADY GROVE FAC,446740,GROVE US LLC/SHADY GROVE PLT,472164,Y,Renewal,Title V Operating Permit,,ISSU,2024-11-22 00:00:00,2025-08-01 00:00:00,2030-12-31 00:00:00,1507705[28-05004]_Issued_v1.pdf
Southcentral,Franklin,Antrim Township,WASTE MGMT DSPL SVC OF PA INC,MTN VIEW RECLAMATION LDFL,465364,WASTE MGMT DSPL SVC /DBA MTN VIEW LDFL,494316,Y,Amendment,Title V Operating Permit,,ISSU,2025-04-01 00:00:00,2025-05-06 00:00:00,2027-08-31 00:00:00,1521752[28-05011]_Issued_v1.pdf
Southcentral,Franklin,Greene Township,BLUE RIDGE LDFL CO,BLUE RIDGE LDFL CO,527291,BLUE RIDGE LDFL CO/BLUE RIDGE LDFL,522346,Y,Amendment,Title V Operating Permit,,ISSU,2023-09-05 00:00:00,2023-09-25 00:00:00,2027-03-31 00:00:00,1453887[28-05015]_Issued_v1.pdf
Southcentral,Franklin,Greene Township,NEXTERA RENEWABLE FUELS LLC,BLUE RIDGE LDFL CO,527291,NEXTERA RENEWABLE FUELS LLC/BLUE RIDGE LDFL,741507,Y,Renewal,Title V Operating Permit,,ISSU,2020-05-07 00:00:00,2022-02-03 00:00:00,2027-02-28 00:00:00,1313709[28-05045]_Issued_v1.pdf
Southcentral,Franklin,Greene Township,STONEHOUSE ACQUISITION CO LLC,STONEHOUSE SYNTHETIC MARBLE PLT CHAMBERSBURG,518293,STONEHOUSE ACQUISITION CO LLC/CHAMBERSBURG,541673,N,Amendment,Title V Operating Permit,,ISSU,2011-12-20 00:00:00,2012-01-03 00:00:00,2015-10-31 00:00:00,907733[28-05036]_Issued_v1.pdf
Southcentral,Franklin,Guilford Township,CHAMBERSBURG ENERGY LLC,CHAMBERSBURG GENERATING FAC COMBUSTION TURBINE PLT,542636,CHAMBERSBURG ENERGY LLC/CHAMBERSBURG,574533,Y,Renewal,Title V Operating Permit,,ISSU,2023-09-07 00:00:00,2024-06-12 00:00:00,2029-06-30 00:00:00,1454184[28-05028]_Issued_v2.pdf
Southcentral,Franklin,Letterkenny Township,USARMY LETTERKENNY ARMY DEPOT,LETTERKENNY ARMY DEPOT,249465,US DEPT OF DEFENSE/LETTERKENNY ARMY DEPOT,256627,Y,Amendment,Title V Operating Permit,,ISSU,2025-12-18 00:00:00,2026-01-09 00:00:00,2028-08-31 00:00:00,1552633[28-05002]_Issued_v1.pdf
Southcentral,Franklin,Montgomery Township,COLUMBIA GAS TRANS LLC,COLUMBIA GAS FRANKLIN CNTY,442298,COLUMBIA GAS TRANS CORP/GREENCASTLE,465879,Y,Renewal,Title V Operating Permit,,ISSU,2023-08-24 00:00:00,2024-09-30 00:00:00,2029-09-30 00:00:00,1452042[28-05003]_Issued_v1.pdf
Southcentral,Franklin,Peters Township,INGENCO WHOLESALE POWER LLC,MTN VIEW RECLAMATION LDFL,465364,INGENCO WHOLESALE POWER LLC/MTN VIEW LDFL,645109,Y,Amendment,Title V Operating Permit,,ISSU,2022-07-28 00:00:00,2022-08-24 00:00:00,2026-03-31 00:00:00,1404908[28-05040]_Issued_v1.pdf
Southcentral,Franklin,Shippensburg Borough,VOLVO CONST EQUIP NORTH AMER LLC,VOLVO CONSTRUCTION EQUIPMENT,246205,VOLVO CONST EQUIP NORTH AMER LLC/SHIPPENSBURG,251762,Y,Renewal,Title V Operating Permit,,ISSU,2023-09-29 00:00:00,2024-08-26 00:00:00,2029-08-31 00:00:00,1457013[28-05012]_Issued_v1.pdf
Southcentral,Fulton,Ayr Township,JLG IND INC,JLG INDUSTRIES INC,263225,JLG IND/MCCONNELLSBURG,282300,Y,Renewal,Title V Operating Permit,,ISSU,2023-11-20 00:00:00,2024-07-02 00:00:00,2029-07-31 00:00:00,1462689[29-05001]_Issued_v1.pdf
Southcentral,Huntingdon,Brady Township,US SILICA CO,KEYSTONE WORKS,257190,US SILICA/MAPLETON DEPOT PLT,270838,Y,Renewal,Title V Operating Permit,,ISSU,2021-07-21 00:00:00,2022-09-12 00:00:00,2027-09-30 00:00:00,1362206[31-05011]_Issued_v1.pdf
Southcentral,Huntingdon,Huntingdon Borough,OWENS CORNING FIBERGLASS,HUNTINGDON FIBERGLASS PRODUCTS LLC,445453,OWENS CORNING/HUNTINGDON MAT PLANT,470508,N,Renewal,Title V Operating Permit,,ISSU,2004-07-26 00:00:00,2005-11-29 00:00:00,2010-12-31 00:00:00,560286[31-05002]_Issued_v1.pdf
Southcentral,Huntingdon,Shirley Township,FIBER GLASS SYS INC,FIBERGLASS SYS TANK MFG,262785,FIBER GLASS SYS INC/MT UNION PLT,281671,Y,Renewal,Title V Operating Permit,,ISSU,2020-02-18 00:00:00,2020-08-14 00:00:00,2026-03-31 00:00:00,1306625[31-05005]_Issued_v1.pdf
Southcentral,Huntingdon,Smithfield Township,PA DEPT OF CORR HUNTINGDON STATE CORR INST,STATE CORR INSTITUTION HUNTINGDON,455418,PA DEPT OF CORR/STATE CORR INST AT HUNTINGDON,483410,Y,New,Title V Operating Permit,,ISSU,2014-08-08 00:00:00,2015-02-10 00:00:00,2020-02-28 00:00:00,1038063[31-05021]_Issued_v2.pdf
Southcentral,Huntingdon,Todd Township,TEXAS EASTERN TRANS LP,TETLP ENTRIKEN,442883,TEXAS EASTERN TRANS LP/ENTRIKEN STA,466789,Y,Renewal,Title V Operating Permit,,ISSU,2020-09-21 00:00:00,2021-10-05 00:00:00,2026-10-31 00:00:00,1327820[31-05019]_Issued_v1.pdf
Southcentral,Juniata,Delaware Township,MASTER WOODCRAFT CABINETRY LLC,"CABINETWORKS GROUP, THOMPSONTOWN",248909,CABINETWORKS GROUP INC/THOMPSONTOWN,255462,N,Renewal,Title V Operating Permit,,ISSU,2022-03-28 00:00:00,2022-09-07 00:00:00,2027-09-30 00:00:00,1389777[34-05001]_Issued_v1.pdf
Southcentral,Juniata,Lack Township,TEXAS EASTERN TRANS LP,TETLP PERULACK SUCTION LOOP P&J,442911,TEXAS EASTERN TRANS LP/PERULACK STA,466823,Y,Renewal,Title V Operating Permit,,ISSU,2023-08-01 00:00:00,2025-07-22 00:00:00,2030-07-31 00:00:00,1449131[34-05002]_Issued_v1.pdf
Southcentral,Lancaster,Adamstown Borough,BOLLMAN HAT CO,BOLLMAN HAT WILLOW ST STRAW HAT MFG PLT,521215,BOLLMAN HAT CO/WILLOW ST FACILITY,544211,N,Renewal,Title V Operating Permit,,ISSU,2002-10-25 00:00:00,2003-07-22 00:00:00,2008-07-31 00:00:00,481214[36-05031]_Issued_v1.pdf
Southcentral,Lancaster,Caernarvon Township,CHESTER CNTY SWA,LANCHESTER LDFL,249245,CHESTER CNTY SOLID WASTE AUTH/LANCHESTER LANDFILL,509972,Y,Renewal,Title V Operating Permit,,ISSU,2024-05-10 00:00:00,2024-12-04 00:00:00,2029-12-31 00:00:00,1485410[36-05079]_Issued_v3.pdf
Southcentral,Lancaster,Caernarvon Township,EDL HOLDINGS US INC,ENERGY DEVELOPMENTS HONEY BROOK CAENARVON TWP,638604,ENERGY DEVS HONEY BROOK LLC/CAERNARVON TWP,654027,Y,Renewal,Title V Operating Permit,,ISSU,2023-09-27 00:00:00,2023-10-05 00:00:00,2028-10-31 00:00:00,1456674[36-05136]_Issued_v1.pdf
Southcentral,Lancaster,Columbia Borough,ASC ENGINEERED SOLUTIONS LLC,ASC ENG SOLUTIONS ANVIL INTL IRON FOUNDRY COLUMBIA,443864,ASC ENGINEERED SOLUTIONS LLC/COLUMBIA FKA ANVIL,468161,Y,Renewal,Title V Operating Permit,,ISSU,2024-07-24 00:00:00,2025-08-08 00:00:00,2030-08-31 00:00:00,1493231[36-05019]_Issued_v3.pdf
Southcentral,Lancaster,Columbia Borough,US LOCK & HDWR CO,COLUMBIA MACH SHOP & IRON FOUNDARY,241633,US LOCK & HDWR CO/COLUMBIA,245503,N,Renewal,Title V Operating Permit,,ISSU,2003-01-22 00:00:00,2003-05-30 00:00:00,2008-06-30 00:00:00,490061[36-05066]_Issued_v1.pdf
Southcentral,Lancaster,Conoy Township,LANCASTER CNTY SWMA,LANCASTER CNTY SWA TRASH INCINERATOR,241770,LANCASTER CNTY RRF/ LANCASTER,245684,Y,Amendment,Title V Operating Permit,,ISSU,2024-10-31 00:00:00,2024-12-06 00:00:00,2027-01-31 00:00:00,1505453[36-05013]_Issued_v1.pdf
Southcentral,Lancaster,Conoy Township,PERDUE AGRIBUSINESS LLC,PERDUE SOYBEAN PROCESSING FACILITY MARIETTA,762909,PERDUE AGRIBUSINESS LLC/MARIETTA,753880,Y,New,Title V Operating Permit,,ISSU,2024-02-05 00:00:00,2024-11-14 00:00:00,2029-11-30 00:00:00,1472296[36-05158]_Issued_v1.pdf
Southcentral,Lancaster,East Donegal Township,ARMSTRONG WORLD IND INC,ARMSTRONG WORLD INDUSTRIES,238314,ARMSTRONG WORLD IND INC/MARIETTA CEILING PLT,241057,Y,Renewal,Title V Operating Permit,,ISSU,2021-04-27 00:00:00,2022-05-05 00:00:00,2027-05-31 00:00:00,1351254[36-05001]_Issued_v1.pdf
Southcentral,Lancaster,East Donegal Township,TEXAS EASTERN TRANS LP,TETLP MARIETTA 24A,245874,TEXAS EASTERN TRANS LP/MARIETTA,467354,Y,Renewal,Title V Operating Permit,,ISSU,2023-11-28 00:00:00,2024-09-03 00:00:00,2029-09-30 00:00:00,1463165[36-05025]_Issued_v1.pdf
Southcentral,Lancaster,East Earl Township,CONESTOGA WOOD SPECIALTIES CORP,CONESTOGA WOOD SPECIALTIES,508472,CONESTOGA WOOD SPECIALTIES/EAST EARL,6272,Y,Renewal,Title V Operating Permit,,ISSU,2025-09-02 00:00:00,2025-11-18 00:00:00,2031-03-31 00:00:00,1540476[36-05017]_Issued_v2.pdf
Southcentral,Lancaster,East Lampeter Township,DART CONTAINER CORP OF PA,DART CONTAINER CORP,271185,DART CONTAINER CORP/E LAMPETER WHSE,524005,Y,Renewal,Title V Operating Permit,,ISSU,2025-04-25 00:00:00,2025-11-25 00:00:00,2030-11-30 00:00:00,1524610[36-05117]_Issued_v1.pdf
Southcentral,Lancaster,East Lampeter Township,HIGH STEEL STRUCTURES LLC,HIGH STEEL BRIDGE BEAM MFG MAIN PLT LANCASTER,239215,HIGH STEEL STRUCTURES LLC/LANCASTER FACILITY,242263,Y,Renewal,Title V Operating Permit,,ISSU,2024-12-16 00:00:00,2025-05-13 00:00:00,2030-06-30 00:00:00,1509881[36-05029]_Issued_v1.pdf
Southcentral,Lancaster,Elizabethtown Borough,MARS WRIGLEY US LLC,MARS WRIGLEY US LLC-ELIZABETHTOWN,1561,MARS WRIGLEY US LLC/ELIZABETHTOWN,2006,Y,Amendment,Title V Operating Permit,,ISSU,2025-02-25 00:00:00,2025-04-14 00:00:00,2027-06-30 00:00:00,1517256[36-05142]_Issued_v1.pdf
Southcentral,Lancaster,Lancaster City,LSC COMM MCL LLC,GREENFIELD RD DATA CTR,239476,LSC COMM MCL LLC/LANCASTER EAST,242574,N,Renewal,Title V Operating Permit,,ISSU,2020-12-18 00:00:00,2021-01-04 00:00:00,2026-01-31 00:00:00,1337218[36-05027]_Issued_v1.pdf
Southcentral,Lancaster,Lancaster City,LSC COMM MCL LLC,LSC COMMUNICATIONS LANCASTER WEST,239468,LSC COMM MCL LLC/LANCASTER WEST,242561,N,Renewal,Title V Operating Permit,,ISSU,2020-12-18 00:00:00,2021-01-04 00:00:00,2026-01-31 00:00:00,1337219[36-05026]_Issued_v1.pdf
Southcentral,Lancaster,Manheim Township,ARCONIC US LLC,ARCONIC US LLC,238876,ARCONIC US LLC/LANCASTER,241786,Y,"Modification, Significant",Title V Operating Permit,,ISSU,2022-12-22 00:00:00,2023-10-10 00:00:00,2026-08-31 00:00:00,1422265[36-05014]_Issued_v1.pdf
Southcentral,Lancaster,Manheim Township,LANCASTER MALLEABLE CASTINGS CO,LANCASTER MALLEABLE RESIDUAL WASTE LDFL,248940,LANCASTER MALLEABLE/MANHEIM-KELLER,469122,N,New,Title V Operating Permit,,ISSU,1995-09-18 00:00:00,1998-06-30 00:00:00,2003-06-30 00:00:00,354793[36-05061]_Issued_v1.pdf
Southcentral,Lancaster,Manor Township,LANCASTER CNTY SWMA,FREY FARM LANDFILL,450744,LANCASTER CNTY SWMA/FREY FARM CRESWELL LDFL,522092,Y,Renewal,Title V Operating Permit,,ISSU,2020-11-24 00:00:00,2021-12-01 00:00:00,2026-12-31 00:00:00,1334424[36-05081]_Issued_v1.pdf
Southcentral,Lancaster,Manor Township,NEXTERA RENEWABLE FUELS LLC,FREY FARM LANDFILL,450744,NEXTERA RENEWABLE FUELS LLC/FREY FARM CRESWELL LDFL,665503,Y,Renewal,Title V Operating Permit,,ISSU,2021-08-17 00:00:00,2022-06-23 00:00:00,2027-11-30 00:00:00,1365753[36-05146]_Issued_v3.pdf
Southcentral,Lancaster,New Holland Borough,CNH INDUSTRIAL AMERICA LLC,CNH AMER LLC,450827,CNH IND AMERICA LLC/NEW HOLLAND,477464,Y,Renewal,Title V Operating Permit,,ISSU,2025-04-11 00:00:00,2025-07-16 00:00:00,2030-12-31 00:00:00,1523166[36-05028]_Issued_v1.pdf
Southcentral,Lancaster,Providence Township,BUCK CO LLC,BUCK CO,443832,BUCK CO LLC/QUARRYVILLE,468105,Y,Renewal,Title V Operating Permit,,ISSU,2024-09-30 00:00:00,2025-07-14 00:00:00,2030-07-31 00:00:00,1501137[36-05053]_Issued_v2.pdf
Southcentral,Lancaster,Upper Leacock Township,DART CONTAINER CORP OF PA,DART CONTAINER CORPORATION OF PA LEOLA,238388,DART CONTAINER CORP/LEOLA,241166,Y,"Modification, Significant",Title V Operating Permit,,ISSU,2024-05-31 00:00:00,2025-11-06 00:00:00,2026-08-31 00:00:00,1487344[36-05015]_Issued_v1.pdf
Southcentral,Lancaster,Upper Leacock Township,EUROFINS LANCASTER LAB LLC,EUROFINS LANCASTER LAB LLC,444131,EUROFINS LANCASTER LABS LLC/LANCASTER,494274,Y,Renewal,Title V Operating Permit,,ISSU,2024-04-22 00:00:00,2025-05-12 00:00:00,2030-05-31 00:00:00,1481667[36-05134]_Issued_v1.pdf
Southcentral,Lancaster,Upper Leacock Township,M SIMON ZOOK CO DBA GOLDEN BARREL PROD,GOLDEN BARREL FOODGRADE PROD LEOLA,492191,M SIMON ZOOK CO DBA GOLDEN BARREL PROD/LEOLA,668882,Y,Renewal,Title V Operating Permit,,ISSU,2020-10-19 00:00:00,2021-08-11 00:00:00,2026-08-31 00:00:00,1330811[36-05156]_Issued_v1.pdf
Southcentral,Lancaster,West Donegal Township,AQUATIC CO,AQUATIC CO BATHWARE,241327,AQUATIC CO/W DONEGAL TWP,245055,Y,Renewal,Title V Operating Permit,,ISSU,2023-04-13 00:00:00,2023-11-07 00:00:00,2028-12-31 00:00:00,1435755[36-05018]_Issued_v1.pdf
Southcentral,Lebanon,Heidelberg Township,PLAIN N FANCY CUSTOM CABINETRY ACQUISITION CO,PLAIN N FANCY KITCHENS,250265,PLAIN N FANCY CUSTOM CABINETRY ACQUISITION CO/SCHAEFFERSTOWN,257818,Y,Amendment,Title V Operating Permit,,ISSU,2024-09-19 00:00:00,2024-11-06 00:00:00,2028-07-31 00:00:00,1500264[38-05011]_Issued_v1.pdf
Southcentral,Lebanon,North Annville Township,NEXTERA RENEWABLE FUELS LLC,GREATER LEBANON REFUSE LDFL,248521,NEXTERA RENEWABLE FUELS LLC/GREATER LEBANON LDFL,681499,Y,Renewal,Title V Operating Permit,,ISSU,2023-10-13 00:00:00,2024-09-24 00:00:00,2029-09-30 00:00:00,1458422[38-05035]_Issued_v1.pdf
Southcentral,Lebanon,North Lebanon Township,GREATER LEBANON REFUSE AUTH,GREATER LEBANON REFUSE LDFL,248521,GREATER LEBANON REFUSE AUTH/LDFL 100825 & 101544,522732,Y,Renewal,Title V Operating Permit,,ISSU,2025-06-06 00:00:00,2025-11-14 00:00:00,2030-12-31 00:00:00,1530111[38-05017]_Issued_v1.pdf
Southcentral,Lebanon,North Londonderry Township,CARMEUSE LIME INC,PENNSY SUPPLY MILLARD QUARRY & CARMEUSE LIME MFG,248338,CARMEUSE LIME INC/MILLARD LIME PLT,254656,Y,Renewal,Title V Operating Permit,,ISSU,2022-03-24 00:00:00,2023-02-22 00:00:00,2028-02-29 00:00:00,1390327[38-05003]_Issued_v3.pdf
Southcentral,Lebanon,South Annville Township,WEABER INC,WEABER LUMBER MILL LEBANON,250882,WEABER INC/SOUTH ANNVILLE TWP,522957,Y,Renewal,Title V Operating Permit,,ISSU,2025-01-21 00:00:00,2025-05-20 00:00:00,2030-07-31 00:00:00,1513266[38-05022]_Issued_v2.pdf
Southcentral,Lebanon,South Lebanon Township,HOWMET AEROSPACE INC,EXEL INC DBA DHL SUPPLY CHAIN (USA),443986,ALCOA INC/LEBANON WORKS,468382,N,New,Title V Operating Permit,,ISSU,1995-11-13 00:00:00,2000-07-06 00:00:00,2005-07-31 00:00:00,355199[38-05002]_Issued_v1.pdf
Southcentral,Lebanon,South Lebanon Township,AMCOR FLEXIBLES NORTH AMER INC,AMCOR PKG MFG PLT LEBANON,484947,AMCOR FLEXIBLES NORTH AMER INC/LEBANON,555131,Y,Renewal,Title V Operating Permit,,ISSU,2020-08-13 00:00:00,2021-07-19 00:00:00,2026-07-31 00:00:00,1323861[38-05041]_Issued_v1.pdf
Southcentral,Lebanon,South Lebanon Township,HELIX IRONWOOD LLC,IRONWOOD GENERATING STATION,492619,HELIX IRONWOOD LLC/LEBANON,520573,Y,Renewal,Title V Operating Permit,,ISSU,2022-11-18 00:00:00,2024-08-27 00:00:00,2029-08-31 00:00:00,1417921[38-05019]_Issued_v1.pdf
Southcentral,Mifflin,Burnham Borough,STD STEEL LLC,STANDARD STEEL BURNHAM PLT,451489,STD STEEL/BURNHAM,478357,Y,Amendment,Title V Operating Permit,,ISSU,2024-04-17 00:00:00,2024-06-11 00:00:00,2027-12-31 00:00:00,1481279[44-05001]_Issued_v1.pdf
Southcentral,Mifflin,Union Township,CNH INDUSTRIAL AMERICA LLC,CNH AMERICA LLC,445917,CNH AMER LLC/BELLEVILLE,471107,N,Amendment,Title V Operating Permit,,ISSU,2005-11-09 00:00:00,2006-02-07 00:00:00,2010-01-31 00:00:00,614759[44-05002]_Issued_v1.pdf
Southcentral,York,East Manchester Township,BRUNNER ISLAND LLC,BRUNNER ISLAND,447501,BRUNNER ISLAND LLC/BRUNNER ISLAND,473196,Y,Modification,Title V Operating Permit,,ISSU,2021-11-19 00:00:00,2022-11-14 00:00:00,2025-03-31 00:00:00,1377103[67-05005]_Issued_v1.pdf
Southcentral,York,Hanover Borough,EAGLE CASTING LLC,EAGLE CASTING LLC,271464,EAGLE CASTING LLC/ HANOVER,294444,Y,Amendment,Title V Operating Permit,,ISSU,2024-08-29 00:00:00,2024-09-05 00:00:00,2027-07-31 00:00:00,1497987[67-05016]_Issued_v1.pdf
Southcentral,York,Lower Windsor Township,REPUBLIC SVC OF PA LLC,MODERN LDFL,249052,REPUBLIC SVC OF PA LLC/MODERN LDFL,480433,Y,Renewal,Title V Operating Permit,,ISSU,2021-04-16 00:00:00,2022-05-03 00:00:00,2027-05-31 00:00:00,1349870[67-05047]_Issued_v1.pdf
Southcentral,York,Manchester Township,YORK CNTY SOLID WASTE & REFUSE AUTH,YORK CNTY ASH RECYCLING & PROC FAC,445929,YORK CNTY SOLID WASTE/YORK CNTY RESOURCE RECOVERY,471126,Y,Renewal,Title V Operating Permit,,ISSU,2021-04-13 00:00:00,2022-01-12 00:00:00,2027-01-31 00:00:00,1349364[67-05006]_Issued_v1.pdf
Southcentral,York,Manchester Township,YORK GROUP INC,MATTHEWS AURORA FUNERAL SOLUTIONS,452781,YORK GROUP INC/BLACK BRIDGE RD,480181,Y,Amendment,Title V Operating Permit,,ISSU,2025-11-13 00:00:00,2025-11-21 00:00:00,2029-08-31 00:00:00,1549496[67-05014]_Issued_v1.pdf
Southcentral,York,Peach Bottom Township,CALPINE MID MERIT II LLC,YORK ENERGY CENTER BLOCK 2,543800,CALPINE MID MERIT II LLC/ YORK ENERGY CENTER BLOCK 2,562531,Y,New,Title V Operating Permit,,ISSU,2025-07-09 00:00:00,2025-12-09 00:00:00,2030-12-31 00:00:00,1536528[67-05147]_Issued_v3.pdf
Southcentral,York,Peach Bottom Township,TRANSCONTINENTAL GAS PIPE LINE CO LLC,TRANSCONTINENTAL GAS PIPE LINE CO LLC STA 195,442317,TRANSCONTINENTAL GAS PIPE LINE CO LLC/STA 195,465930,N,Renewal,Title V Operating Permit,,ISSU,2022-08-24 00:00:00,2023-07-12 00:00:00,2028-07-31 00:00:00,1407523[67-05012]_Issued_v1.pdf
Southcentral,York,Red Lion Borough,ACPI WOOD PRODUCTS LLC,YORKTOWNE RED LION FURN PLT,270204,YORKTOWNE INC/NO 6 RED LION,292365,N,Renewal,Title V Operating Permit,,ISSU,2004-08-31 00:00:00,2005-08-16 00:00:00,2010-08-31 00:00:00,564549[67-05018]_Issued_v1.pdf
Southcentral,York,Spring Garden Township,GLEN GERY CORP,GLEN-GERY YORK BRICK PLT,245295,GLEN-GERY CORP/YORK DIVISION,549072,N,Renewal,Title V Operating Permit,,ISSU,2018-10-29 00:00:00,2019-11-07 00:00:00,2024-11-30 00:00:00,1250356[67-05045]_Issued_v1.pdf
Southcentral,York,Spring Grove Borough,PIXELLE SPECIALTY SOLUTIONS LLC,SPRING GROVE PULP & PAPER MILL,249607,PIXELLE SPEC SOLUTIONS LLC/SPRING GROVE,256841,Y,Renewal,Title V Operating Permit,,ISSU,2024-08-29 00:00:00,2025-09-09 00:00:00,2030-09-30 00:00:00,1497954[67-05004]_Issued_v1.pdf
Southcentral,York,Springfield Township,ADHESIVES RESEARCH INC,ADHESIVES RESEARCH INC,271569,ADHESIVES RESEARCH INC/GLEN ROCK,294580,Y,Amendment,Title V Operating Permit,,ISSU,2025-12-15 00:00:00,2026-01-27 00:00:00,2030-05-31 00:00:00,1552536[67-05007]_Issued_v1.pdf
Southcentral,York,West Manchester Township,GORDON YORK LP,AMER COLOR GRAPHICS YORK PRINTING PLT,271564,AMER COLOR GRAPHICS DBA VERTIS COMMUNICATIONS/YORK,294573,N,Renewal,Title V Operating Permit,,ISSU,2008-04-01 00:00:00,2008-11-19 00:00:00,2013-11-30 00:00:00,718689[67-05023]_Issued_v1.pdf
Southcentral,York,West Manchester Township,BAE SYS LAND & ARMAMENTS LP,BAE SYSTEMS,451164,BAE SYS LAND & ARMAMENTS LP/YORK,291743,Y,Renewal,Title V Operating Permit,,ISSU,2023-07-13 00:00:00,2024-08-16 00:00:00,2029-08-31 00:00:00,1447227[67-05114]_Issued_v1.pdf
Southcentral,York,West Manchester Township,LEHIGH WHITE CEMENT CO LLC,LEHIGH WHITE CEMENT CO YORK FAC,271574,LEHIGH WHITE CEMENT CO LLC/YORK,294589,Y,Renewal,Title V Operating Permit,,ISSU,2023-06-05 00:00:00,2024-09-05 00:00:00,2029-09-30 00:00:00,1443202[67-05024]_Issued_v1.pdf
Southcentral,York,West Manchester Township,MAGNESITA REFRACTORIES CO,MAGNESITA REFRACTORIES YORK QUARRY,236507,MAGNESITA REFRACTORIES/YORK,238561,Y,"Modification, Significant",Title V Operating Permit,,ISSU,2022-12-20 00:00:00,2024-02-15 00:00:00,2026-11-30 00:00:00,1421356[67-05001]_Issued_v2.pdf
Southcentral,York,York City,YORK WALLCOVERINGS INC,YORK WALLCOVERINGS INC,252834,YORK WALLCOVERINGS INC/YORK,262451,Y,Renewal,Title V Operating Permit,,ISSU,2022-02-03 00:00:00,2023-03-07 00:00:00,2028-03-31 00:00:00,1383888[67-05027]_Issued_v2.pdf
Southcentral,York,York Township,GICHNER SYSTEMS GROUP INC,GICHNER SYSTEMS GROUP SHELTER MFG DALLASTOWN,451019,GICHNER SYSTEMS GROUP INC/DALLASTOWN PLT,477738,Y,Renewal,Title V Operating Permit,,ISSU,2020-02-18 00:00:00,2020-12-11 00:00:00,2025-12-31 00:00:00,1305679[67-05033]_Issued_v1.pdf
Southeast,Bucks,Bensalem Township,NORTHEAST FOODS INC,BAKE RITE ROLLS DIV NE FOODS,2379,NORTHEAST FOODS INC/BAKE RITE ROLLS DIV,3185,Y,Renewal,Title V Operating Permit,,ISSU,2021-07-12 00:00:00,2023-02-22 00:00:00,2028-02-21 00:00:00,1365160[09-00014]_Issued_v1.pdf
Southeast,Bucks,Bristol Township,3M CO,3M BRISTOL FAC,895,3M CO/BRISTOL,1177,N,"Amendment, Minor",Title V Operating Permit,,ISSU,2002-07-08 00:00:00,2002-07-25 00:00:00,2006-07-31 00:00:00,460268[09-00005]_Issued_v1.pdf
Southeast,Bucks,Bristol Township,ALTUGLAS LLC,ALTUGLAS LLC,494572,ALTUGLAS LLC/BRISTOL TWP,544042,Y,Renewal,Title V Operating Permit,,ISSU,2022-05-26 00:00:00,2023-01-27 00:00:00,2028-01-31 00:00:00,1399806[09-00122]_Issued_v1.pdf
Southeast,Bucks,Bristol Township,CONSTELLATION ENERGY GENERATION LLC,CONSTELLATION ENERGY BRISTOL FAC,459035,CONSTELLATION ENERGY GENERATION LLC/CROYDON GEN STA,240953,Y,Renewal,Title V Operating Permit,,ISSU,2024-04-16 00:00:00,2025-10-16 00:00:00,2030-10-15 00:00:00,1480938[09-00016]_Issued_v1.pdf
Southeast,Bucks,Bristol Township,ROHM & HAAS CO,ROHM & HAAS CHEM LLC BRISTOL MFG AREA,812459,ROHM & HAAS CO/BRISTOL,245649,Y,"Modification, Significant",Title V Operating Permit,,ISSU,2025-10-20 00:00:00,2025-12-17 00:00:00,2028-05-30 00:00:00,1546016[09-00015]_Issued_v1.pdf
Southeast,Bucks,Falls Township,BRIGHTSMITH LLC,BRIGHTSMITH LLC MORRISVILLE FAC,710,BRIGHTSMITH LLC/FALLS TWP,915,Y,Renewal,Title V Operating Permit,,ISSU,2021-07-01 00:00:00,2023-10-04 00:00:00,2028-10-03 00:00:00,1365157[09-00030]_Issued_v1.pdf
Southeast,Bucks,Falls Township,CARTEX CORP,CARTEX FAIRLESS HILLS,490145,CARTEX CORP/FAIRLESS HILLS,518543,N,"Amendment, Minor",Title V Operating Permit,,ISSU,2002-07-27 00:00:00,2002-10-24 00:00:00,2006-03-01 00:00:00,472194[09-00076]_Issued_v1.pdf
Southeast,Bucks,Falls Township,CONSTELLATION ENERGY GENERATION LLC,CONSTELLATION ENERGY FALLS GENERATING STA,462141,CONSTELLATION ENERGY GENERATION CO/FALLS TWP PEAK PWR PLT,491700,Y,Renewal,Title V Operating Permit,,ISSU,2024-07-03 00:00:00,2026-01-21 00:00:00,2031-01-20 00:00:00,1491074[09-00017]_Issued_v1.pdf
Southeast,Bucks,Falls Township,CONSTELLATION ENERGY GENERATION LLC,PECO ENERGY FAIRLESS HILLS,487603,EXELON GENERATION CO/FAIRLESS HILLS GEN STA,516224,N,Renewal,Title V Operating Permit,,ISSU,2017-10-30 00:00:00,2019-06-04 00:00:00,2024-06-03 00:00:00,1205325[09-00066]_Issued_v1.pdf
Southeast,Bucks,Falls Township,EDGEWATER GENERATION HOLDINGS LLC,FAIRLESS ENERGY LLC,530054,FAIRLESS ENERGY LLC/FALLS TWP,566437,Y,Renewal,Title V Operating Permit,,ISSU,2024-10-08 00:00:00,2025-06-04 00:00:00,2030-06-03 00:00:00,1502013[09-00124]_Issued_v1.pdf
Southeast,Bucks,Falls Township,LIBERTY COATING CO LLC,LIBERTY COATING MORRISVILLE FAC,532268,LIBERTY COATING CO LLC/MORRISVILLE,647346,Y,Renewal,Title V Operating Permit,,ISSU,2021-01-25 00:00:00,2021-09-14 00:00:00,2026-09-30 00:00:00,1340306[09-00174]_Issued_v1.pdf
Southeast,Bucks,Falls Township,SIMS METAL EAST LLC,SIMSMETAL EAST MORRISVILLE FAC,647550,SIMSMETAL EAST LLC/MORRISVILLE,673376,Y,New,Title V Operating Permit,,ISSU,2023-06-05 00:00:00,2025-03-13 00:00:00,2030-03-12 00:00:00,1442509[09-00187]_Issued_v1.pdf
Southeast,Bucks,Falls Township,US STEEL CORP,US STEEL FAIRLESS HILLS FAC,260845,US STEEL CORP/FAIRLESS HILLS,276929,Y,"Modification, Significant",Title V Operating Permit,,ISSU,2025-06-11 00:00:00,2025-12-29 00:00:00,2029-12-18 00:00:00,1530475[09-00006]_Issued_v1.pdf
Southeast,Bucks,Falls Township,WASTE MGMT DSPL SVC OF PA INC,GROWS LDFL WASTE MGMT,246680,WASTE MGMT DSPL SVC /GROWS LDFL,252449,Y,Renewal,Title V Operating Permit,,ISSU,2025-05-06 00:00:00,2025-11-13 00:00:00,2030-11-22 00:00:00,1526123[09-00007]_Issued_v1.pdf
Southeast,Bucks,Falls Township,WASTE MGMT OF FAIRLESS LLC,FAIRLESS AREA PARCEL,769292,WASTE MGMT OF FAIRLESS/FAIRLESS LDFL,721611,Y,New,Title V Operating Permit,,ISSU,2017-08-14 00:00:00,2020-03-09 00:00:00,2025-03-31 00:00:00,1197585[09-00210]_Issued_v1.pdf
Southeast,Bucks,Falls Township,WHEELABRATOR FALLS INC,WHEELABRATOR FALLS INC,452533,WHEELABRATOR FALLS INC/FALLS TWP,479819,Y,Amendment,Title V Operating Permit,,ISSU,2024-08-07 00:00:00,2024-08-13 00:00:00,2029-06-26 00:00:00,1494670[09-00013]_Issued_v1.pdf
Southeast,Bucks,Falls Township,WM PARTNERSHIP HOLDINGS,WM RENEWABLE ENERGY/PENNSBURY,485746,WM RENEWABLE ENERGY/PENNSBURY POWER PLT,514483,N,Amendment,Title V Operating Permit,,ISSU,2020-06-04 00:00:00,2020-09-17 00:00:00,2025-05-28 00:00:00,1317359[09-00077]_Issued_v2.pdf
Southeast,Bucks,New Britain Township,QUAD GRAPHICS MKT INC,QUAD/GRAPHICS MARKETING LLC,236734,QUAD GRAPHICS MARKETING LLC/CHALFONT,238848,Y,Renewal,Title V Operating Permit,,ISSU,2022-03-23 00:00:00,2023-06-07 00:00:00,2028-06-06 00:00:00,1389394[09-00009]_Issued_v1.pdf
Southeast,Bucks,Newtown Township,DUNMORE INTERNATIONAL CORP,DUNMORE NEWTOWN FAC,398,DUNMORE CORP/NEWTOWN,492,N,New,Title V Operating Permit,,ISSU,1995-11-29 00:00:00,2000-02-25 00:00:00,2005-04-01 00:00:00,354611[09-00044]_Issued_v1.pdf
Southeast,Bucks,Perkasie Borough,PERKASIE IND CORP,PERKASIE IND,863,PERKASIE IND CORP/PERKASIE,1119,N,Renewal,Title V Operating Permit,,ISSU,2003-02-18 00:00:00,2004-01-28 00:00:00,2009-01-31 00:00:00,493853[09-00011]_Issued_v1.pdf
Southeast,Bucks,Richland Township,AVERY DENNISON CORP,AVERY DENNISON CORP QUAKERTOWN PLT,4102,AVERY DENNISON CORP/QUAKERTOWN,5560,Y,Renewal,Title V Operating Permit,,ISSU,2016-09-01 00:00:00,2017-10-06 00:00:00,2022-10-06 00:00:00,1151686[09-00001]_Issued_v1.pdf
Southeast,Bucks,Richland Township,BMCA QUAKERTOWN INC,BMCA QUAKERTOWN PLT,270547,GAF MATERIALS CORP/QUAKERTOWN,488871,N,Amendment,Title V Operating Permit,,ISSU,2005-11-02 00:00:00,2005-12-15 00:00:00,2006-10-31 00:00:00,611067[09-00039]_Issued_v1.pdf
Southeast,Bucks,Richland Township,UNION ROTO GRAVING INC,UNION ROTO GRAVING QUAKERTOWN PLT,551828,UNION ROTO-GRAVING/QUAKERTOWN,568755,N,Transfer,Title V Operating Permit,,ISSU,2006-04-13 00:00:00,2006-06-30 00:00:00,2009-04-01 00:00:00,629283[09-00150]_Issued_v1.pdf
Southeast,Bucks,Tullytown Borough,WASTE MGMT PA INC,TULLYTOWN RESOURCE RECOVER FACILITY (TRRF) LANDFILL,454807,WASTE MGMT PA/TULLYTOWN RES REC FAC,482698,Y,Amendment,Title V Operating Permit,,ISSU,2025-05-06 00:00:00,2025-05-23 00:00:00,2026-05-21 00:00:00,1526269[09-00024]_Issued_v1.pdf
Southeast,Bucks,Upper Southampton Township,SUPERPAC INC,SUPERPAC PRINTING PLT,419,SUPERPAC INC/SOUTHAMPTON,519,Y,Renewal,Title V Operating Permit,,ISSU,2021-07-12 00:00:00,2022-08-16 00:00:00,2027-08-15 00:00:00,1365323[09-00003]_Issued_v1.pdf
Southeast,Bucks,Warminster Township,GREIF PACKAGING LLC,GREIF PKG LLC WARMINSTER,410,GREIF PKG LLC/WARMINSTER,508,Y,Amendment,Title V Operating Permit,,ISSU,2023-03-20 00:00:00,2023-05-17 00:00:00,2027-01-17 00:00:00,1431326[09-00053]_Issued_v1.pdf
Southeast,Bucks,Warrington Township,MEADWESTVACO CONSUMER PKG GROUP LLC DBA KLEARFOLD,MEADWESTVACO CONSUMER PACKAGING GROUP,2375,KLEARFOLD/WARRINGTON,3176,N,Renewal,Title V Operating Permit,,ISSU,2005-09-06 00:00:00,2006-03-31 00:00:00,2011-04-30 00:00:00,605582[09-00012]_Issued_v1.pdf
Southeast,Bucks,West Rockhill Township,FRES CO SYS USA INC,FRES-CO SYSTEM USA INC,238939,FRES CO SYS USA INC/TELFORD PLT,241863,Y,Modification,Title V Operating Permit,,ISSU,2023-05-12 00:00:00,2023-09-07 00:00:00,2027-06-19 00:00:00,1439882[09-00027]_Issued_v1.pdf
Southeast,Chester,Coatesville City,CLEVELAND CLIFFS PLATE LLC,CLEVELAND CLIFFS PLATE LLC COATESVILLE PLT,455714,CLEVELAND CLIFFS PLATE/COATESVILLE,483776,Y,Renewal,Title V Operating Permit,,ISSU,2024-02-05 00:00:00,2024-08-27 00:00:00,2029-10-02 00:00:00,1471710[15-00010]_Issued_v1.pdf
Southeast,Chester,Downingtown Borough,REYNOLDS PKG LLC,INLAND FLEXO LLC,250910,INLAND FLEXO LLC/DOWNINGTOWN,258706,N,Transfer,Title V Operating Permit,,ISSU,2005-07-06 00:00:00,2005-07-06 00:00:00,2007-01-31 00:00:00,597235[15-00004]_Issued_v1.pdf
Southeast,Chester,Downingtown Borough,SONOCO PROD CO,SONOCO PROD,45780,SONOCO PROD CO/DOWNINGTOWN,47543,N,New,Title V Operating Permit,,ISSU,1995-10-04 00:00:00,2000-02-24 00:00:00,2005-04-01 00:00:00,355084[15-00024]_Issued_v1.pdf
Southeast,Chester,East Pikeland Township,CONSTELLATION ENERGY GENERATION LLC,FORMER CROMBY GEN STA,455163,EXELON GEN CO/CROMBY GEN STA,2859,N,Amendment,Title V Operating Permit,,ISSU,2013-09-10 00:00:00,2013-12-19 00:00:00,2018-02-15 00:00:00,1004131[15-00019]_Issued_v1.pdf
Southeast,Chester,East Whiteland Township,BUCKEYE PIPE LINE TRANSP LLC,BUCKEYE TERM LLC MALVERN TERM,4597,BUCKEYE PIPE LINE/MALVERN STA,6225,Y,"Modification, Significant",Title V Operating Permit,,ISSU,2024-08-28 00:00:00,2025-01-23 00:00:00,2029-01-09 00:00:00,1497100[15-00105]_Issued_v1.pdf
Southeast,Chester,East Whiteland Township,BUCKEYE TERM LLC,BUCKEYE TERM LLC MALVERN TERM,4597,BUCKEYE TERM LLC/MALVERN TERM,548845,Y,Renewal,Title V Operating Permit,,ISSU,2022-05-16 00:00:00,2023-07-10 00:00:00,2028-07-09 00:00:00,1397760[15-00008]_Issued_v1.pdf
Southeast,Chester,East Whiteland Township,ENERGY TRANSFER MKT & TERM LP,ENERGY TRANSFER MKT & TERM LP MALVERN TERM,270218,ENERGY TRANSFER MKT & TERM LP/MALVERN TERM,292388,Y,Amendment,Title V Operating Permit,,ISSU,2024-07-26 00:00:00,2024-08-13 00:00:00,2029-05-08 00:00:00,1493576[15-00043]_Issued_v1.pdf
Southeast,Chester,East Whiteland Township,SAINT GOBAIN PERFORMANCE PLASTICS CORP,ST GOBAIN PERFORMANCE PLASTICS,1762,ST GOBAIN PERFORMANCE PLASTICS/MALVERN,2290,N,Modification,Title V Operating Permit,,ISSU,2005-07-27 00:00:00,2006-01-23 00:00:00,2006-05-31 00:00:00,600355[15-00014]_Issued_v1.pdf
Southeast,Chester,East Whiteland Township,TRANSCONTINENTAL GAS PIPE LINE CO LLC,TRANSCONTINENTAL GAS PIPELINE CO LLC STA 200,238159,TRANSCONTINENTAL GAS/FRAZER STA 200,240800,Y,"Modification, Significant",Title V Operating Permit,,ISSU,2022-12-21 00:00:00,2024-02-06 00:00:00,2025-05-08 00:00:00,1421279[15-00017]_Issued_v1.pdf
Southeast,Chester,East Whiteland Township,WORTHINGTON STEEL CORP,WORTHINGTON STEEL,243500,WORTHINGTON STEEL CO/MALVERN PLT,516084,N,Modification,Title V Operating Permit,,ISSU,2002-06-20 00:00:00,2002-09-14 00:00:00,2006-09-30 00:00:00,476329[15-00016]_Issued_v1.pdf
Southeast,Chester,Kennett Square Borough,NVF CO,ROCKHOPPER LLC,452829,NVF CO/KENNETT PLT,245076,N,Renewal,Title V Operating Permit,,ISSU,2005-03-04 00:00:00,2005-09-29 00:00:00,2010-09-29 00:00:00,585431[15-00030]_Issued_v1.pdf
Southeast,Chester,London Grove Township,SOUTHEASTERN CHESTER CNTY REFUSE AUTH,SECCRA LDFL,454054,SECCRA LDFL/LONDON GROVE TWP,549239,Y,Renewal,Title V Operating Permit,,ISSU,2023-08-16 00:00:00,2025-04-22 00:00:00,2030-04-21 00:00:00,1451103[15-00060]_Issued_v1.pdf
Southeast,Chester,Oxford Borough,"FLOWERS BAKING CO OF OXFORD, INC",FLOWERS BAKING COMPANY OF OXFORD,485040,FLOWERS BAKING CO/OXFORD PLT,566161,Y,Renewal,Title V Operating Permit,,ISSU,2024-06-10 00:00:00,2025-03-03 00:00:00,2030-03-02 00:00:00,1487916[15-00104]_Issued_v1.pdf
Southeast,Chester,Schuylkill Township,AMER INKS & COATINGS CORP,AMER INKS & COATINGS,236861,AMERICAN INKS & COATINGS/VALLEY FORGE,239012,N,Amendment,Title V Operating Permit,,ISSU,2002-12-03 00:00:00,2002-12-23 00:00:00,2006-09-30 00:00:00,485291[15-00026]_Issued_v1.pdf
Southeast,Chester,Uwchlan Township,BECKETT CORP,BECKETT,261806,BECKETT CORP/LIONVILLE UWCHLAN,279743,N,New,Title V Operating Permit,,ISSU,1995-11-30 00:00:00,1999-09-01 00:00:00,2004-08-30 00:00:00,354779[15-00040]_Issued_v1.pdf
Southeast,Chester,West Bradford Township,EMBREEVILLE COMPLEX DPW,EMBREEVILLE COMPLEX STP,239587,"TERRA TECHNICAL SVCS, LLC",242729,N,Renewal,Title V Operating Permit,,ISSU,2004-12-30 00:00:00,2005-06-28 00:00:00,2010-06-30 00:00:00,579644[15-00033]_Issued_v1.pdf
Southeast,Chester,West Chester Borough,ARKEMA INC,ARKEMA INC,454704,ARKEMA INC/WEST CHESTER,482559,Y,Renewal,Title V Operating Permit,,ISSU,2025-06-02 00:00:00,2026-02-05 00:00:00,2031-02-04 00:00:00,1530224[15-00015]_Issued_v1.pdf
Southeast,Chester,West Sadsbury Township,QG LLC,INTL PAPER CO ATGLEN,455808,QUAD / GRAPHICS ATGLEN,483903,N,Amendment,Title V Operating Permit,,ISSU,2015-10-13 00:00:00,2015-12-15 00:00:00,2018-01-30 00:00:00,1093384[15-00002]_Issued_v1.pdf
Southeast,Chester,West Vincent Township,COLUMBIA GAS TRANS LLC,"COLUMBIA GAS TRANS LLC, EAGLE COMPRESSOR STA",238164,COLUMBIA GAS TRANS LLC/EAGLE,240813,Y,Renewal,Title V Operating Permit,,ISSU,2019-05-16 00:00:00,2020-09-17 00:00:00,2025-09-16 00:00:00,1273522[15-00022]_Issued_v1.pdf
Southeast,Delaware,Bethel Township,LAUREL PIPE LINE CO LP,LAUREL PIPELINE BOOTHWYN STA,237656,LAUREL PIPELINE CO LP/BOOTHWYN BREAKOUT STATION,240125,Y,Modification,Title V Operating Permit,,ISSU,2022-09-12 00:00:00,2022-11-09 00:00:00,2027-05-03 00:00:00,1409953[23-00040]_Issued_v1.pdf
Southeast,Delaware,Chester  City,CONSTELLATION ENERGY GENERATION LLC,CONSTELLATION ENERGY GENERATION CO/CHESTER,465956,CONSTELLATION ENERGY GENERATING STA/ CHESTER,548104,Y,Renewal,Title V Operating Permit,,ISSU,2024-04-29 00:00:00,2025-07-23 00:00:00,2030-07-22 00:00:00,1483956[23-00018]_Issued_v1.pdf
Southeast,Delaware,Chester  City,DELCORA,DELCORA STP,454804,DELAWARE CNTY REG WA/DELCORA WESTERN REG TRMT PLT,482687,Y,"Modification, Significant",Title V Operating Permit,,ISSU,2025-02-28 00:00:00,2025-12-30 00:00:00,2030-06-03 00:00:00,1517799[23-00038]_Issued_v1.pdf
Southeast,Delaware,Chester  City,EVONIK CORP,EVONIK CHESTER PA FACILITY,2377,EVONIK CORP/CHESTER,3182,Y,Modification,Title V Operating Permit,,ISSU,2025-11-26 00:00:00,2026-01-07 00:00:00,2030-04-22 00:00:00,1550395[23-00047]_Issued_v1.pdf
Southeast,Delaware,Chester  City,KIMBERLY CLARK CORP,KIMBERLY CLARK CORP CHESTER OPR,237860,KIMBERLY CLARK CORP/CHESTER OPR,240406,Y,Renewal,Title V Operating Permit,,ISSU,2024-09-20 00:00:00,2025-09-18 00:00:00,2030-09-17 00:00:00,1500186[23-00014]_Issued_v1.pdf
Southeast,Delaware,Chester  City,PQ LLC,PQ LLC,236490,PQ LLC/CHESTER,238534,Y,"Modification, Significant",Title V Operating Permit,,ISSU,2025-08-01 00:00:00,2025-12-31 00:00:00,2027-03-10 00:00:00,1536486[23-00016]_Issued_v1.pdf
Southeast,Delaware,Chester  City,REWORLD DELAWARE VALLEY LP,REWORLD DELAWARE VALLEY CHESTER CITY FAC,456217,REWORLD DELAWARE VALLEY LP/DELAWARE VALLEY RES REC,484329,Y,Amendment,Title V Operating Permit,,ISSU,2024-05-28 00:00:00,2024-06-20 00:00:00,2028-03-09 00:00:00,1486520[23-00004]_Issued_v1.pdf
Southeast,Delaware,Concord Township,NORCROSS SAFETY PROD LLC,NORCROSS SAFETY PROD,238171,NORCROSS SAFETY PROD LLC/CONCORDVILLE,240824,N,Transfer,Title V Operating Permit,,ISSU,2006-06-01 00:00:00,2006-06-01 00:00:00,,634877[23-00025]_Issued_v1.pdf
Southeast,Delaware,Darby Township,ENERGY TRANSFER MKT & TERM LP,ENERGY TRANSFER MKT & TERM LP DARBY CREEK TANK FARM,270538,SUNOCO PARTNERS MKT & TERM LP/DARBY CREEK TANK FARM,293094,N,Renewal,Title V Operating Permit,,ISSU,2016-04-07 00:00:00,2017-04-21 00:00:00,2022-04-20 00:00:00,1133113[23-00011]_Issued_v1.pdf
Southeast,Delaware,Eddystone Borough,CONSTELLATION ENERGY GENERATION LLC,EDDYSTONE GENERATING STATION,239482,CONSTELLATION ENERGY GENERATION LLC/EDDYSTONE,242584,Y,Renewal,Title V Operating Permit,,ISSU,2023-08-11 00:00:00,2025-04-17 00:00:00,2030-04-16 00:00:00,1450624[23-00017]_Issued_v1.pdf
Southeast,Delaware,Eddystone Borough,FOAMEX LP,FOAMEX EDDYSTONE PLT,240590,FOAMEX LP/EDDYSTONE PLT,244059,N,Amendment,Title V Operating Permit,,ISSU,2003-11-23 00:00:00,2005-06-16 00:00:00,2006-07-31 00:00:00,590418[23-00006]_Issued_v1.pdf
Southeast,Delaware,Eddystone Borough,LIBERTY ELEC POWER LLC,LIBERTY ELEC POWER EDDYSTONE FAC,520790,LIBERTY ELEC POWER LLC/EDDYSTONE PLT,560799,Y,Renewal,Title V Operating Permit,,ISSU,2020-05-13 00:00:00,2022-05-19 00:00:00,2027-05-18 00:00:00,1315568[23-00082]_Issued_v1.pdf
Southeast,Delaware,Haverford Township,HAVERFORD STATE HOSP,PA DPW HAVERFORD STATE HOSP,248507,PA DPW/HAVERFORD STATE HOSP,254860,N,New,Title V Operating Permit,,ISSU,1995-06-22 00:00:00,1998-06-23 00:00:00,2003-06-30 00:00:00,353989[23-00039]_Issued_v1.pdf
Southeast,Delaware,Marcus Hook Borough,BRASKEM AMER INC,BRASKEM AMERICA INC,512277,BRASKEM AMER INC/MARCUS HOOK,515469,Y,Renewal,Title V Operating Permit,,ISSU,2024-07-02 00:00:00,2025-08-14 00:00:00,2030-08-13 00:00:00,1490894[23-00012]_Issued_v1.pdf
Southeast,Delaware,Marcus Hook Borough,ENERGY TRANSFER MKT & TERM LP,MARCUS HOOK TERMINAL,270459,ENERGY TRANSF MKT & TERM LP/MARCUS HOOK TERM,757998,Y,Renewal,Title V Operating Permit,,ISSU,2024-07-31 00:00:00,2025-06-04 00:00:00,2030-06-03 00:00:00,1508601[23-00119]_Issued_v1.pdf
Southeast,Delaware,Marcus Hook Borough,MARCUS HOOK 50 LP,MARCUS HOOK 50 LP,530946,MARCUS HOOK 50 LP/MARCUS HOOK,556810,N,Renewal,Title V Operating Permit,,ISSU,2017-07-14 00:00:00,2018-10-10 00:00:00,2023-10-10 00:00:00,1192007[23-00084]_Issued_v1.pdf
Southeast,Delaware,Marcus Hook Borough,MARCUS HOOK ENERGY LP,MARCUS HOOK ENERGY LP 750 MW PLT,629805,MARCUS HOOK ENERGY LP/750 MW,654588,Y,Amendment,Title V Operating Permit,,ISSU,2024-06-28 00:00:00,2024-07-30 00:00:00,2026-02-21 00:00:00,1490582[23-00089]_Issued_v1.pdf
Southeast,Delaware,Radnor Township,VILLANOVA UNIV,VILLANOVA UNIVERSITY,479061,VILLANOVA UNIV/MAIN CAMPUS,512389,Y,Modification,Title V Operating Permit,,ISSU,2025-05-30 00:00:00,2025-08-01 00:00:00,2026-11-02 00:00:00,1529062[23-00034]_Issued_v1.pdf
Southeast,Delaware,Ridley Township,THE BOEING CO,BOEING CO PHILA,270165,BOEING CO PHILA/RIDLEY PARK PA FAC,292288,Y,Amendment,Title V Operating Permit,,ISSU,2025-10-22 00:00:00,2025-11-05 00:00:00,2026-03-02 00:00:00,1546668[23-00009]_Issued_v1.pdf
Southeast,Delaware,Tinicum Township,ENERGY TRANSFER MKT & TERM LP,FORT MIFFLIN TERMINAL,444985,ENERGY TRANSFER MKT & TERM LP/FT MIFFLIN,469846,Y,Renewal,Title V Operating Permit,,ISSU,2019-11-13 00:00:00,2021-05-12 00:00:00,2026-05-11 00:00:00,1297084[23-00037]_Issued_v1.pdf
Southeast,Delaware,Tinicum Township,UPS INC,UPS PAPHA FACILITY,452842,UNITED PARCEL SVC INC/PHILA AIR HUB,523443,Y,Amendment,Title V Operating Permit,,ISSU,2023-08-22 00:00:00,2023-08-25 00:00:00,2026-07-10 00:00:00,1451625[23-00023]_Issued_v1.pdf
Southeast,Delaware,Trainer Borough,MONROE ENERGY LLC,MONROE ENERGY LLC,270501,MONROE ENERGY LLC/TRAINER,293037,Y,"Modification, Significant",Title V Operating Permit,,ISSU,2025-05-30 00:00:00,2025-12-30 00:00:00,2028-04-27 00:00:00,1530306[23-00003]_Issued_v1.pdf
Southeast,Delaware,Trainer Borough,NEW CONGOL LLC,CONGOLEUM,238211,NEW CONGOL/TRAINER PLT,240876,Y,Amendment,Title V Operating Permit,,ISSU,2025-12-10 00:00:00,2025-12-29 00:00:00,2028-10-15 00:00:00,1552362[23-00021]_Issued_v1.pdf
Southeast,Delaware,Trainer Borough,STONEY CREEK TECH LLC,STONEY CREEK TECHNOLOGIES TRAINER PLT,455374,STONEY CREEK TECH/TRAINER,483353,N,New,Title V Operating Permit,,ISSU,1995-11-13 00:00:00,2001-12-31 00:00:00,2007-01-31 00:00:00,354267[23-00002]_Issued_v1.pdf
Southeast,Delaware,Upland Borough,CROZER CHESTER MED CTR,NEO CHESTER GEN LLC UPLAND SITE,240457,CROZER CHESTER MED CTR/FKA NEO CHESTER GEN LLC,243898,N,Amendment,Title V Operating Permit,,ISSU,2005-12-09 00:00:00,2006-01-20 00:00:00,2010-06-30 00:00:00,616701[23-00007]_Issued_v1.pdf
Southeast,Delaware,Upper Chichester Township,ENERGY TRANSFER MKT & TERM LP,ENERGY TRANSFER MKT & TERM LP TANK FARM 2,270580,ENERGY TRANSFER MKT & TERM LP/TANK FARM 2,293150,Y,Renewal,Title V Operating Permit,,ISSU,2019-12-11 00:00:00,2021-12-22 00:00:00,2026-12-21 00:00:00,1302166[23-00044]_Issued_v1.pdf
Southeast,Delaware,Upper Chichester Township,ENERGY TRANSFER MKT & TERM LP,MARCUS HOOK TANK FARM 2,2387,ENERGY TRANSFER MKT & TERM LP/TWIN OAKS TERM,292315,Y,Amendment,Title V Operating Permit,,ISSU,2024-08-01 00:00:00,2024-08-15 00:00:00,2026-03-23 00:00:00,1494210[23-00045]_Issued_v1.pdf
Southeast,Delaware,Upper Chichester Township,MIPC LLC,MIPC LLC CHELSEA TERMINAL,502590,MIPC LLC / CHELSEA TANK FARM,560829,Y,Renewal,Title V Operating Permit,,ISSU,2022-10-25 00:00:00,2023-10-20 00:00:00,2028-10-19 00:00:00,1415670[23-00041]_Issued_v1.pdf
Southeast,Montgomery,Bridgeport Borough,TUBE METHODS INC,TUBE METHODS,452901,TUBE METHODS INC/BRIDGEPORT,480360,Y,Renewal,Title V Operating Permit,,ISSU,2022-08-04 00:00:00,2023-12-05 00:00:00,2028-12-04 00:00:00,1405795[46-00090]_Issued_v1.pdf
Southeast,Montgomery,Douglass Township,GLOBAL ADVANCED METALS USA INC,GLOBAL ADVANCED METALS USA INC,451542,GLOBAL ADVANCED METALS USA/BOYERTOWN,518536,Y,Renewal,Title V Operating Permit,,ISSU,2023-12-14 00:00:00,2024-10-18 00:00:00,2029-10-17 00:00:00,1465190[46-00037]_Issued_v1.pdf
Southeast,Montgomery,East Norriton Township,HANDY & HARMAN TUBE CO INC,HANDY & HARMAN TUBE,238124,HANDY & HARMAN TUBE CO/EAST NORRITON,240745,N,Modification,Title V Operating Permit,,ISSU,2004-09-02 00:00:00,2004-11-30 00:00:00,2005-10-01 00:00:00,574530[46-00016]_Issued_v2.pdf
Southeast,Montgomery,Franconia Township,JBS SOUDERTON INC,JBS SOUDERTON INC,458194,JBS SOUDERTON INC/FRANCONIA TWP,486874,Y,Modification,Title V Operating Permit,,ISSU,2025-07-01 00:00:00,2025-07-31 00:00:00,2027-06-14 00:00:00,1532724[46-00001]_Issued_v1.pdf
Southeast,Montgomery,Hatfield Township,CLEMENS FOOD GROUP,CLEMENS FOOD GROUP,456457,CLEMENS FOOD GROUP/HATFIELD PLT,491675,Y,Renewal,Title V Operating Permit,,ISSU,2024-09-13 00:00:00,2025-06-30 00:00:00,2030-06-20 00:00:00,1499480[46-00013]_Issued_v1.pdf
Southeast,Montgomery,Hatfield Township,HATFIELD TWP MUNI AUTH MONTGOMERY CNTY,HATFIELD TWP STP,454144,HATFIELD TWP MUNI AUTH/COLMAR,514449,Y,Renewal,Title V Operating Permit,,ISSU,2021-11-08 00:00:00,2023-03-03 00:00:00,2028-03-02 00:00:00,1375283[46-00175]_Issued_v1.pdf
Southeast,Montgomery,Hatfield Township,SCHLOSSER STEEL INC,SCHLOSSER STEEL HATFIELD PLT,1084,SCHLOSSER STEEL INC/HATFIELD,1439,N,Renewal,Title V Operating Permit,,ISSU,2015-10-02 00:00:00,2016-08-08 00:00:00,2021-08-08 00:00:00,1096901[46-00051]_Issued_v1.pdf
Southeast,Montgomery,Horsham Township,UNIVERSAL PKG CORP,OMNIPAC LLC,245839,OMNIPAC INC/HORSHAM PLT,277157,N,"Amendment, Minor",Title V Operating Permit,,ISSU,2002-04-15 00:00:00,2002-05-16 00:00:00,2006-11-30 00:00:00,380949[46-00156]_Issued_v1.pdf
Southeast,Montgomery,Horsham Township,USN NAS JT RESERVE BASE,NAS JT RESERVE BASE,239960,US NAVY NAVAL AIR STA JT RES BASE/ HORSHAM,509814,N,Renewal,Title V Operating Permit,,ISSU,2006-05-01 00:00:00,2009-04-21 00:00:00,2014-04-21 00:00:00,631405[46-00079]_Issued_v1.pdf
Southeast,Montgomery,Lansdale Borough,GASBOY INTL INC,GASBOY INTL,417,GASBOY INTL INC/LANSDALE,515,N,Amendment,Title V Operating Permit,,ISSU,2003-09-04 00:00:00,2003-09-11 00:00:00,2006-12-31 00:00:00,518644[46-00087]_Issued_v1.pdf
Southeast,Montgomery,Limerick Township,CONSTELLATION ENERGY GENERATION LLC,LIMERICK GENERATING STATION,475813,CONSTELLATION ENER GENERATION CO/LIMERICK GENERATING STATION,240931,Y,"Modification, Significant",Title V Operating Permit,,ISSU,2025-05-27 00:00:00,2025-12-31 00:00:00,2026-12-15 00:00:00,1528688[46-00038]_Issued_v1.pdf
Southeast,Montgomery,Lower Gwynedd Township,JANSSEN RESEARCH & DEVELOPMENT LLC,JANSSEN RESEARCH & DEVELOPMENT LLC,455038,JANSSEN RESEARCH & DEVELOPMENT LLC/LOWER GWYNEDD,482978,Y,Modification,Title V Operating Permit,,ISSU,2025-06-04 00:00:00,2025-08-01 00:00:00,2030-01-27 00:00:00,1529366[46-00027]_Issued_v1.pdf
Southeast,Montgomery,Lower Pottsgrove Township,CONSTELLATION ENERGY GENERATION LLC,CONSTELLATION ENERGY MOSER GENERATING FACILITY,462140,CONSTELLATION GENERATION CO/MOSER GENERATING STATION,491699,Y,Renewal,Title V Operating Permit,,ISSU,2023-05-01 00:00:00,2024-02-07 00:00:00,2029-02-06 00:00:00,1438110[46-00039]_Issued_v1.pdf
Southeast,Montgomery,Lower Pottsgrove Township,OCCIDENTAL CHEM CORP,GLENN SPRINGS HOLDINGS INC,253230,OCCIDENTAL CHEM CORP/POTTSTOWN,263227,N,Amendment,Title V Operating Permit,,ISSU,1995-11-27 00:00:00,2003-07-18 00:00:00,2007-03-01 00:00:00,494285[46-00015]_Issued_v1.pdf
Southeast,Montgomery,Lower Providence Township,SUPERIOR TUBE CO INC,SUPERIOR TUBE COLLEGEVILLE FAC,45779,SUPERIOR TUBE CO/LOWER PROVIDENCE,47538,Y,Renewal,Title V Operating Permit,,ISSU,2024-05-31 00:00:00,2025-01-17 00:00:00,2030-02-05 00:00:00,1487153[46-00020]_Issued_v1.pdf
Southeast,Montgomery,Plymouth Township,CLEVELAND CLIFFS PLATE LLC,CLEVELAND CLIFFS PLATE LLC,240175,CLEVELAND CLIFFS PLATE/CONSHOHOCKEN PLT,243527,Y,"Modification, Significant",Title V Operating Permit,,ISSU,2022-12-22 00:00:00,2023-10-04 00:00:00,2028-05-02 00:00:00,1421276[46-00011]_Issued_v1.pdf
Southeast,Montgomery,Plymouth Township,EAST NORRITON PLYMOUTH WHITPAIN JT SEW AUTH,EAST NORRITON PLYMOUTH WHITPAIN JT SEW AUTH,452566,E NORRITON PLYMOUTH /NORRISTOWN,513393,N,New,Title V Operating Permit,,ISSU,2014-03-17 00:00:00,2017-12-13 00:00:00,2022-12-12 00:00:00,1020125[46-00230]_Issued_v1.pdf
Southeast,Montgomery,Plymouth Township,MONTGOMERY CHEM LLC,DERRY DEVELOPMENT INC,463365,MONTGOMERY CHEM LTD/CONSHOHOCKEN,495105,N,Amendment,Title V Operating Permit,,ISSU,2018-07-13 00:00:00,2018-09-21 00:00:00,2022-08-23 00:00:00,1236256[46-00124]_Issued_v2.pdf
Southeast,Montgomery,Plymouth Township,REWORLD PLYMOUTH LLC,"REWORLD PLYMOUTH, LLC.",454543,REWORLD PLYMOUTH/ PLYMOUTH,523397,Y,Renewal,Title V Operating Permit,,ISSU,2022-05-23 00:00:00,2024-09-13 00:00:00,2029-09-12 00:00:00,1397753[46-00010]_Issued_v2.pdf
Southeast,Montgomery,Skippack Township,PA DEPT OF CORR,STATE CORR INST PHOENIX,238290,PA DEPT OF CORR/GRATERFORD SCI,515277,N,Renewal,Title V Operating Permit,,ISSU,2017-03-20 00:00:00,2017-12-28 00:00:00,2022-12-28 00:00:00,1178107[46-00061]_Issued_v1.pdf
Southeast,Montgomery,Trappe Borough,VIANT COLLEGEVILLE LLC,VIANT COLLEGEVILLE LLC,2323,VIANT COLLEGEVILLE LLC,3108,Y,Renewal,Title V Operating Permit,,ISSU,2021-09-15 00:00:00,2023-01-19 00:00:00,2028-01-18 00:00:00,1370189[46-00046]_Issued_v1.pdf
Southeast,Montgomery,Upper Gwynedd Township,MERCK SHARP & DOHME LLC,MERCK SHARP & DOHME LLC - WEST POINT PLT,245458,MERCK SHARP & DOHME LLC/WEST PT,250692,Y,Amendment,Title V Operating Permit,,ISSU,2025-06-27 00:00:00,2025-08-04 00:00:00,2028-08-03 00:00:00,1532157[46-00005]_Issued_v1.pdf
Southeast,Montgomery,Upper Gwynedd Township,MUELLER STREAMLINE CO,GLYNNEATH LP,2257,PRECISION TUBE CO / NORTH WALES,2978,N,Renewal,Title V Operating Permit,,ISSU,2016-10-20 00:00:00,2018-06-20 00:00:00,2023-06-19 00:00:00,1156880[46-00047]_Issued_v1.pdf
Southeast,Montgomery,Upper Gwynedd Township,WEST ROCK CP,ANNIE INTERNATIONAL,259105,SMURFIT STONE CONTAINER ENTERPRISES/NORTH WALES,469919,N,Transfer,Title V Operating Permit,,ISSU,2005-09-23 00:00:00,2005-09-23 00:00:00,2006-11-30 00:00:00,606460[46-00062]_Issued_v1.pdf
Southeast,Montgomery,Upper Gwynedd Township,SPRA FIN INC,SPRA FIN,1673,SPRA FIN INC/NORTH WALES,2178,N,New,Title V Operating Permit,,ISSU,1995-11-21 00:00:00,2000-06-01 00:00:00,2005-07-01 00:00:00,355422[46-00089]_Issued_v1.pdf
Southeast,Montgomery,Upper Hanover Township,BLOMMER CHOCOLATE CO,BLOMMER CHOCOLATE CO,491646,BLOMMER CHOCOLATE CO/E GREENVILLE PLT,524123,Y,Renewal,Title V Operating Permit,,ISSU,2023-01-24 00:00:00,2024-03-11 00:00:00,2029-03-10 00:00:00,1424547[46-00198]_Issued_v1.pdf
Southeast,Montgomery,Upper Hanover Township,QUAD GRAPHICS MKT INC,GRAVEL 38 LLC,885,QG PRINTING III / EAST GREENVILLE,1155,N,Amendment,Title V Operating Permit,,ISSU,2014-07-28 00:00:00,2014-09-08 00:00:00,2018-05-20 00:00:00,1038813[46-00018]_Issued_v1.pdf
Southeast,Montgomery,Upper Merion Township,GLAXOSMITHKLINE LLC,GLAXOSMITHKLINE LLC UPPER MERION EAST,262002,GLAXO SMITHKLINE/UPPER MERION,280087,N,"Modification, Significant",Title V Operating Permit,,ISSU,2016-12-05 00:00:00,2017-05-09 00:00:00,2018-11-06 00:00:00,1161663[46-00035]_Issued_v1.pdf
Southeast,Montgomery,Upper Merion Township,GLAXOSMITHKLINE LLC,GLAXO SMITH KLINE UPPER MERION BIOPHARM FAC,825043,GLAXOSMITHKLINE/UPPER MERION BIOPHARM,821193,Y,Renewal,Title V Operating Permit,,ISSU,2023-08-07 00:00:00,2024-06-11 00:00:00,2029-06-10 00:00:00,1449947[46-00300]_Issued_v1.pdf
Southeast,Montgomery,Upper Merion Township,GLAXOSMITHKLINE LLC,GLAXOSMITHKLINE LLC UPPER MERION EAST,262002,GLAXOSMITHKLINE/UPPER MERION EAST,825636,Y,Modification,Title V Operating Permit,,ISSU,2025-04-30 00:00:00,2025-06-11 00:00:00,2029-03-20 00:00:00,1525687[46-00298]_Issued_v1.pdf
Southeast,Montgomery,Upper Merion Township,INNOVATION 411 FEE OWNER LLC,INNOVATION 411 FEE OWNER LLC,825041,INNOVATION 411/UPPER MERION,821191,Y,"Modification, Significant",Title V Operating Permit,,ISSU,2025-02-28 00:00:00,2025-08-27 00:00:00,2029-04-16 00:00:00,1517792[46-00299]_Issued_v1.pdf
Southeast,Montgomery,Upper Merion Township,JOHNSON MATTHEY INC,900 RIVER ROAD LLC,454689,JOHNSON MATTHEY INC/RIVERSIDE,482536,N,Amendment,Title V Operating Permit,,ISSU,2018-04-23 00:00:00,2018-05-29 00:00:00,2020-05-08 00:00:00,1226111[46-00025]_Issued_v1.pdf
Southeast,Montgomery,Upper Moreland Township,ENERGY TRANSFER MKT & TERM LP,SUNOCO PARTNERS MKT & TERM LP,241502,SUNOCO PARTNERS MKT & TERM LP/WILLOW GROVE,245295,N,Renewal,Title V Operating Permit,,ISSU,2015-12-17 00:00:00,2016-08-19 00:00:00,2021-08-19 00:00:00,1103284[46-00091]_Issued_v1.pdf
Southeast,Montgomery,Upper Moreland Township,UPPER MORELAND HATBORO JT SEW AUTH,UPPER MORELAND HATBORO JT SEW AUTH,451591,UPPER MORELAND HATBORO JT SEW AUTH/WILLOW GROVE,798,Y,Renewal,Title V Operating Permit,,ISSU,2021-11-03 00:00:00,2022-10-17 00:00:00,2027-10-16 00:00:00,1375282[46-00221-TVOP]_Issued_v1.pdf
Southeast,Montgomery,Upper Providence Township,COLLEGEVILLE HOLDINGS LLC,COLLEGEVILLE HOLDINGS LLC,271617,COLLEGEVILLE HOLDINGS LLC/COLLEGEVILLE,294642,Y,Modification,Title V Operating Permit,,ISSU,2025-04-22 00:00:00,2025-05-29 00:00:00,2030-05-28 00:00:00,1524546[46-00048]_Issued_v1.pdf
Southeast,Montgomery,Upper Providence Township,GLAXOSMITHKLINE LLC,GLAXOSMITHKLINE LLC UPPER PROVIDENCE,237955,GLAXO SMITHKLINE/UPPER PROVIDENCE,240521,Y,Modification,Title V Operating Permit,,ISSU,2025-06-30 00:00:00,2025-08-04 00:00:00,2026-11-07 00:00:00,1532682[46-00031]_Issued_v1.pdf
Southeast,Montgomery,Upper Providence Township,GRAPHIC PKG INTL LLC,GRAPHIC PACKING INTERNATIONAL LLC,237254,GRAPHIC PKG INTL LLC/VALLEY FORGE,239549,Y,Renewal,Title V Operating Permit,,ISSU,2021-07-12 00:00:00,2022-02-09 00:00:00,2027-03-14 00:00:00,1365164[46-00041]_Issued_v1.pdf
Southeast,Montgomery,West Conshohocken Borough,PECO ENERGY CO,PECO W CONSHOHOCKEN GAS PLT,237777,PECO ENERGY CO/WEST CONSHOHOCKEN GAS PLTW,240288,Y,Amendment,Title V Operating Permit,,ISSU,2025-12-05 00:00:00,2026-01-20 00:00:00,2030-03-31 00:00:00,1551155[46-00045]_Issued_v1.pdf
Southeast,Montgomery,West Norriton Township,NORRISTOWN STATE HOSP,NORRISTOWN STATE HOSP,475289,PA DHS/NORRISTOWN STATE HOSP,241062,Y,Renewal,Title V Operating Permit,,ISSU,2020-01-13 00:00:00,2022-01-27 00:00:00,2027-01-26 00:00:00,1347905[46-00060]_Issued_v1.pdf
Southeast,Montgomery,West Pottsgrove Township,HAMMOND GROUP INC,HAMMOND LEAD PROD POTTSTOWN PLT,480849,HAMMOND LEAD PRODUCTS/POTTSTOWN,510047,Y,Renewal,Title V Operating Permit,,ISSU,2023-12-22 00:00:00,2024-07-15 00:00:00,2029-08-31 00:00:00,1466253[46-00162]_Issued_v1.pdf
Southeast,Montgomery,Whitemarsh Township,HALEY PAINT CO,HALEY PAINT CO,238187,HALEY PAINT/CONSHOHOCKEN,240843,N,Modification,Title V Operating Permit,,ISSU,2007-09-25 00:00:00,2007-11-30 00:00:00,2009-10-31 00:00:00,698532[46-00070]_Issued_v1.pdf
Southwest,Beaver,Aliquippa City,US GYPSUM CO,US GYPSUM CO,490170,US GYPSUM CO/ALIQUIPPA,518558,Y,Renewal,Title V Operating Permit,,ISSU,2023-09-21 00:00:00,2025-05-16 00:00:00,2030-05-16 00:00:00,1456291[04-00702]_Issued_v1.pdf
Southwest,Beaver,Beaver Falls City,ARMSTRONG WORLD IND INC,BEAVER FALLS CEILING PLT,241642,ARMSTRONG WORLD IND /BEAVER FALLS,261533,N,Renewal,Title V Operating Permit,,ISSU,2005-01-12 00:00:00,2005-06-24 00:00:00,2010-06-24 00:00:00,582623[04-00108]_Issued_v1.pdf
Southwest,Beaver,Darlington Township,DARLINGTON BRICK & CLAY PROD CO LLC,DARLINGTON BRICK THIRD ST PLT,262072,GENERAL SHALE BRICK/DARLINGTON,280192,N,Renewal,Title V Operating Permit,,ISSU,2004-11-01 00:00:00,2006-04-26 00:00:00,2011-04-26 00:00:00,583270[04-00113]_Issued_v1.pdf
Southwest,Beaver,Harmony Township,IPSCO KOPPEL TUBULARS LLC,TENARIS AMBRIDGE,4471,TENARIS/AMBRIDGE,256797,Y,"Modification, Significant",Title V Operating Permit,,ISSU,2023-12-08 00:00:00,2025-01-13 00:00:00,2025-03-26 00:00:00,1464899[04-00227]_Issued_v2.pdf
Southwest,Beaver,Koppel Borough,IPSCO KOPPEL TUBULARS LLC,TENARIS KOPPEL,236661,IPSCO KOPPEL TUBULARS LLC/KOPPEL PLT,238740,Y,Amendment,Title V Operating Permit,,ISSU,2021-09-01 00:00:00,2021-12-22 00:00:00,2025-03-06 00:00:00,1370222[04-00059]_Issued_v1.pdf
Southwest,Beaver,New Brighton Borough,"SONOCO PROTECTIVE SOLUTIONS, INC",TEGRANT DIVERSIFIED BRANDS NEW BRIGHTON PLT,240965,TEGRANT DIVERSIFIED BRANDS INC/NEW BRIGHTON FAC,244599,N,Amendment,Title V Operating Permit,,ISSU,2007-07-12 00:00:00,2007-08-21 00:00:00,2009-07-07 00:00:00,690214[04-00497]_Issued_v2.pdf
Southwest,Beaver,New Sewickley Township,ETC NORTHEAST FLD SVC LLC,PIKE COMPRESSOR STATION,786913,ETC NORTHEAST FLD SVC LLC/PIKE COMP STA,780466,Y,Modification,Title V Operating Permit,,ISSU,2022-12-19 00:00:00,2023-10-16 00:00:00,2026-11-02 00:00:00,1421693[04-00741]_Issued_v2.pdf
Southwest,Beaver,North Sewickley Township,EASTERN GAS TRANS & STORAGE INC,BEAVER STA,246129,EASTERN GAS TRANSMISSION & STORAGE INC/BEAVER,251644,Y,Renewal,Title V Operating Permit,,ISSU,2021-09-27 00:00:00,2023-05-31 00:00:00,2028-05-31 00:00:00,1373608[04-00490]_Issued_v1.pdf
Southwest,Beaver,Potter Township,AES ARMENIA MTN WIND LLC,AES BEAVER VALLEY COGEN,242142,AES BEAVER VALLEY LLC/BEAVER VALLEY LLC,246255,N,Renewal,Title V Operating Permit,,ISSU,2010-05-26 00:00:00,2012-11-29 00:00:00,2017-11-29 00:00:00,842339[04-00446]_Issued_v1.pdf
Southwest,Beaver,Potter Township,BASF CORP,BASF MONACA PLT,254458,BASF CORP/MONACA PLT,248385,Y,Renewal,Title V Operating Permit,,ISSU,2024-12-20 00:00:00,2026-01-20 00:00:00,2031-01-20 00:00:00,1511141[04-00306]_Issued_v1.pdf
Southwest,Beaver,Potter Township,BVPV STYRENICS LLC,BVPV STYRENICS LLC,241397,BVPV STYRENICS LLC/BEAVER,245153,Y,Amendment,Title V Operating Permit,,ISSU,2020-08-14 00:00:00,2020-10-19 00:00:00,2025-04-02 00:00:00,1324402[04-00033]_Issued_v2.pdf
Southwest,Beaver,Potter Township,BEFESA ZINC US INC.,SHELL CHEMICAL APPALACHIA LLC,102360,HORSEHEAD CORP/MONACA SMELTER,104430,N,Amendment,Title V Operating Permit,,ISSU,2011-11-16 00:00:00,2012-02-29 00:00:00,2012-10-22 00:00:00,905000[04-00044]_Issued_v1.pdf
Southwest,Beaver,Shippingport Borough,ENERGY HARBOR GENERATION LLC,BRUCE MANSFIELD POWER PLT RETIRED,239163,ENERGY HBR GENERATION LLC/BRUCE MANSFIELD PLT,242176,N,Modification,Title V Operating Permit,,ISSU,2016-09-14 00:00:00,2016-12-07 00:00:00,2018-04-02 00:00:00,1152372[04-00235]_Issued_v1.pdf
Southwest,Cambria,Cambria Township,NORTHERN STAR GENERATION LLC,NATIONAL SALVAGE CAMBRIA COGEN PLT,257628,CAMBRIA COGEN/EBENSBURG FAC,271745,N,Renewal,Title V Operating Permit,,ISSU,2011-02-18 00:00:00,2016-01-04 00:00:00,2021-01-04 00:00:00,870034[11-00332]_Issued_v1.pdf
Southwest,Cambria,Cambria Township,EBENSBURG POWER CO,EBENSBURG COGEN PLT,240082,EBENSBURG POWER CO/EBENSBURG COGENERATION PLT,243395,Y,Renewal,Title V Operating Permit,,ISSU,2006-08-17 00:00:00,2021-04-28 00:00:00,2026-04-28 00:00:00,644264[11-00318]_Issued_v2.pdf
Southwest,Cambria,Cambria Township,INTER POWER AHLCON PARTNERS LP,INTER POWER COLVER STA,262255,INTER POWER AHLCON LP/COLVER POWER PROJ,280848,Y,"Modification, Significant",Title V Operating Permit,,ISSU,2023-11-09 00:00:00,2024-07-15 00:00:00,2025-11-25 00:00:00,1462185[11-00378]_Issued_v1.pdf
Southwest,Cambria,Franklin Borough,JOHNSTOWN AMER CORP,JOHNSTOWN AMER FRANKLIN CAR SHOP,250066,JOHNSTOWN AMER CORP/FRANKLIN,257517,N,Renewal,Title V Operating Permit,,ISSU,2004-12-08 00:00:00,2007-07-17 00:00:00,2012-07-18 00:00:00,575937[11-00288]_Issued_v1.pdf
Southwest,Cambria,Jackson Township,CPV FAIRVIEW LLC,FAIRVIEW ENERGY CTR,810717,CPV FAIRVIEW LLC/FAIRVIEW ENERGY CTR,804556,Y,New,Title V Operating Permit,,ISSU,2022-05-31 00:00:00,2023-12-07 00:00:00,2028-12-07 00:00:00,1398385[11-00536]_Issued_v1.pdf
Southwest,Cambria,Jackson Township,EQUITRANS LP,EQUITRANS LP/ RAGER MTN-LAUREL RIDGE STA,246181,EQUITRANS LP/RAGER MTN LAUREL RIDGE STA,251717,Y,Modification,Title V Operating Permit,,ISSU,2023-05-05 00:00:00,2024-07-03 00:00:00,2026-05-24 00:00:00,1439537[11-00356]_Issued_v1.pdf
Southwest,Cambria,Jackson Township,LAUREL HIGHLANDS LDFL INC,LAUREL HIGHLANDS LDFL,85,LAUREL HIGHLANDS LAN/LAUREL HIGHLANDS LDFL,510738,Y,Renewal,Title V Operating Permit,,ISSU,2020-09-28 00:00:00,2022-05-26 00:00:00,2027-05-26 00:00:00,1328339[11-00370]_Issued_v1.pdf
Southwest,Fayette,Georges Township,CARLISLE CONSTRUCTION MATERIALS LLC,HUNTER PANELS/FAYETTE BUS PK,659463,CARLISLE CONST MATLS/HUNTER PANEL PLT,738074,Y,New,Title V Operating Permit,,ISSU,2024-11-22 00:00:00,2025-11-17 00:00:00,2030-11-17 00:00:00,1507638[26-00590]_Issued_v1.pdf
Southwest,Fayette,German Township,CHESTNUT VALLEY LDFL LLC,CHESTNUT VALLEY LDFL,240681,CHESTNUT VALLEY LDFL LLC/GERMAN TWP,495049,Y,Amendment,Title V Operating Permit,,ISSU,2022-10-04 00:00:00,2022-10-14 00:00:00,2027-08-16 00:00:00,1412547[26-00402]_Issued_v1.pdf
Southwest,Fayette,German Township,FAYETTE POWER CO LLC,FAYETTE POWER CO LLC,545017,FAYETTE ENERGY FACILITY/MASONTOWN,563600,Y,Modification,Title V Operating Permit,,ISSU,2023-05-17 00:00:00,2024-05-23 00:00:00,2027-01-31 00:00:00,1441005[26-00535]_Issued_v1.pdf
Southwest,Fayette,North Union Township,EASTERN GAS TRANS & STORAGE INC,NORTH SUMMIT COMP STA,247002,EASTERN GAS TRANSMISSION & STORAGE INC/NORTH SUMMIT,252908,Y,Amendment,Title V Operating Permit,,ISSU,2020-12-03 00:00:00,2021-04-21 00:00:00,,1336198[26-00405]_Issued_v1.pdf
Southwest,Fayette,South Connellsville Borough,ANCHOR GLASS CONTAINER CORP,ANCHOR GLASS CONNELLSVILLE PLT,245906,ANCHOR GLASS CONTAINER/PLT 5,251306,N,Amendment,Title V Operating Permit,,ISSU,2003-12-29 00:00:00,2004-10-20 00:00:00,2006-10-31 00:00:00,531962[26-00119]_Issued_v2.pdf
Southwest,Fayette,Springhill Township,GANS ENERGY LLC,GANS POWER STATION,531375,GANS ENERGY LLC/GANS POWER STA,552958,Y,Renewal,Title V Operating Permit,,ISSU,2023-12-08 00:00:00,2025-04-22 00:00:00,2030-04-22 00:00:00,1465867[26-00495]_Issued_v1.pdf
Southwest,Greene,Franklin Township,EQUITRANS LP,EQUITRANS PRATT COMPRESSOR STATION,507575,EQUITRANS INC/PRATT COMP STA,521487,N,Amendment,Title V Operating Permit,,ISSU,2014-12-09 00:00:00,2015-02-20 00:00:00,2016-10-20 00:00:00,1053711[30-00110]_Issued_v1.pdf
Southwest,Greene,Jefferson Township,EQUITRANS LP,JEFFERSON COMP STA,737686,EQUITRANS LP/JEFFERSON COMP STA,733120,Y,Modification,Title V Operating Permit,,ISSU,2023-06-21 00:00:00,2024-12-30 00:00:00,2026-03-09 00:00:00,1444567[30-00195]_Issued_v1.pdf
Southwest,Greene,Monongahela Township,ALLEGHENY ENERGY SUPPLY CO LLC,HATFIELDS FERRY POWER STA,238493,ALLEGHENY ENERGY SUPPLY CO/HATFIELDS FERRY POWER STA,280920,N,"Modification, Significant",Title V Operating Permit,,ISSU,2013-04-04 00:00:00,2013-07-25 00:00:00,2017-11-30 00:00:00,970726[30-00099]_Issued_v1.pdf
Southwest,Greene,Monongahela Township,CONSOLIDATION COAL CO,ROBENA CRDA PREP SITE,262845,CONSOL COAL CO/ROBENA PREP PLT,281770,N,New,Title V Operating Permit,,ISSU,1995-11-27 00:00:00,2000-09-18 00:00:00,2005-10-01 00:00:00,354420[30-00063]_Issued_v1.pdf
Southwest,Greene,Morris Township,EQM GATHERING OPCO LLC,CALLISTO COMP STA,737616,EQM GATHERING OPCO LLC/CALLISTO COMP STA,733057,Y,Modification,Title V Operating Permit,,ISSU,2023-05-05 00:00:00,2024-02-06 00:00:00,2027-10-27 00:00:00,1439433[30-00194]_Issued_v1.pdf
Southwest,Greene,Richhill Township,CONSOL PA COAL CO LLC,BAILEY MINE,261050,CONSOL PA COAL CO LLC/BAILEY PREP PLT,281083,Y,Renewal,Title V Operating Permit,,ISSU,2023-12-22 00:00:00,2025-05-06 00:00:00,2030-05-06 00:00:00,1466029[30-00072]_Issued_v2.pdf
Southwest,Greene,Richhill Township,TEXAS EASTERN TRANS LP,TETLP HOLBROOK,460926,TEXAS EASTERN TRANS LP/HOLBROOK STA,253404,Y,Amendment,Title V Operating Permit,,ISSU,2025-09-19 00:00:00,2025-10-14 00:00:00,2028-10-04 00:00:00,1543309[30-00077]_Issued_v1.pdf
Southwest,Somerset,Brothersvalley Township,MOSTOLLER LDFL LLC,MOSTOLLER LDFL,238935,MOSTOLLER LDFL INC/MOSTOLLER MUNICIPAL WASTE LDFL,549736,Y,"Modification, Significant",Title V Operating Permit,,ISSU,2021-10-27 00:00:00,2022-04-19 00:00:00,2026-01-12 00:00:00,1378585[56-00262]_Issued_v1.pdf
Southwest,Somerset,Conemaugh Township,SOUTHERN ALLEGHENIES LDFL INC,SOUTHERN ALLEGHENIES LDFL,803,SOUTHERN ALLEGHENIES LDFL INC,495355,Y,Renewal,Title V Operating Permit,,ISSU,2023-11-06 00:00:00,2024-11-26 00:00:00,2029-11-26 00:00:00,1461931[56-00181]_Issued_v1.pdf
Southwest,Somerset,Quemahoning Township,NORTH AMER HOGANAS INC,NORTH AMERICAN HOGANAS,245766,NORTH AMERICAN HOGANAS INC/STONY CREEK PLT,251104,Y,Renewal,Title V Operating Permit,,ISSU,2019-08-19 00:00:00,2021-01-07 00:00:00,2026-01-07 00:00:00,1284605[56-00167]_Issued_v1.pdf
Southwest,Somerset,Shade Township,PBS COALS INC,JOB 12 EXPANSION,241116,PBS COAL INC/SHADE CREEK PLT,244773,N,Renewal,Title V Operating Permit,,ISSU,2011-02-23 00:00:00,2014-12-08 00:00:00,2019-12-08 00:00:00,869866[56-00166]_Issued_v1.pdf
Southwest,Somerset,Shade Township,SHADE LDFL INC,SHADE LDFL,240842,SHADE LDFL INC/SHADE LDFL,495641,Y,Renewal,Title V Operating Permit,,ISSU,2020-09-28 00:00:00,2022-05-26 00:00:00,2027-05-26 00:00:00,1328369[56-00232]_Issued_v1.pdf
Southwest,Somerset,Somerset Township,PA DEPT OF CORR,SCI LAUREL HIGHLANDS,241506,PA DEPT OF CORR/LAUREL HIGHLANDS SCI,261482,Y,Renewal,Title V Operating Permit,,ISSU,2020-07-10 00:00:00,2022-04-18 00:00:00,2027-04-18 00:00:00,1321078[56-00257]_Issued_v1.pdf
Southwest,Washington,Allenport Borough,WHEELING PGH STEEL CORP,ALLENPORT PLT,245367,SEVERSTAL WHEELING/ALLENPORT,269941,N,Renewal,Title V Operating Permit,,ISSU,2004-09-28 00:00:00,2005-08-29 00:00:00,2010-08-29 00:00:00,568589[63-00066]_Issued_v1.pdf
Southwest,Washington,Carroll Township,FLEXSYS AMER LP,FLEXSYS MONONGAHELA PLT,253072,FLEXSYS AMER LTD PAR/MONONGAHELA,262770,Y,Renewal,Title V Operating Permit,,ISSU,2024-03-28 00:00:00,2024-07-16 00:00:00,2029-07-16 00:00:00,1478746[63-00015]_Issued_v1.pdf
Southwest,Washington,Chartiers Township,ARDEN LDFL INC,ARDEN LDFL,240453,ARDEN LDFL/CHARTIERS TWP,514799,Y,Renewal,Title V Operating Permit,,ISSU,2015-09-18 00:00:00,2024-05-23 00:00:00,2029-05-23 00:00:00,1102341[63-00549]_Issued_v1.pdf
Southwest,Washington,Smith Township,LANGELOTH METALLURGICAL CO LLC,LANGELOTH METALLURGICAL PLT,500111,LANGELOTH METALLURGICAL CO/LANGELOTH METALLURGICAL PLT,239832,Y,Renewal,Title V Operating Permit,,ISSU,2018-12-28 00:00:00,2022-07-14 00:00:00,2027-07-14 00:00:00,1256565[63-00074]_Issued_v1.pdf
Southwest,Washington,Smith Township,UNION ELEC STEEL CORP,HARMON CRK PLT,242338,UNION ELEC STEEL CORP/HARMON CREEK,246529,Y,Amendment,Title V Operating Permit,,ISSU,2024-05-07 00:00:00,2024-05-30 00:00:00,2027-09-19 00:00:00,1484435[63-00096]_Issued_v2.pdf
Southwest,Washington,Union Township,ALLEGHENY ENERGY SUPPLY CO LLC,MITCHELL POWER STA,260402,ALLEGHENY ENERGY SUPPLY CO/MITCHELL POWER STA,557833,N,"Modification, Significant",Title V Operating Permit,,ISSU,2013-04-04 00:00:00,2013-07-30 00:00:00,2017-11-30 00:00:00,970724[63-00016]_Issued_v1.pdf
Southwest,Washington,Union Township,GENON POWER MIDWEST LP,TROGON DEVELOPMENT LLC,237511,GENON POWER MIDWEST LP/ELRAMA POWER PLT,239914,N,"Modification, Significant",Title V Operating Permit,,ISSU,2006-03-20 00:00:00,2006-05-16 00:00:00,2006-12-31 00:00:00,625616[63-00014]_Issued_v1.pdf
Southwest,Washington,Union Township,USA SOUTH HILLS LDFL INC,USA SO HILLS LDFL INC,241250,USA SOUTH HILLS LDFL/ UNION TWP,495411,Y,"Modification, Significant",Title V Operating Permit,,ISSU,2023-11-07 00:00:00,2024-07-01 00:00:00,2027-04-19 00:00:00,1462013[63-00550]_Issued_v1.pdf
Southwest,Washington,Washington City,ATI SPECIALTY ROLLED PROD,JESSOP STEEL/WASHINGTON PLT,241986,ALLEGHENY LUDLUM CORP/WASHINGTON FLATROLL,514898,N,New,Title V Operating Permit,,ISSU,1995-11-27 00:00:00,2002-05-31 00:00:00,2007-05-30 00:00:00,354863[63-00023]_Issued_v1.pdf
Southwest,Washington,Washington City,JESSOP STEEL LLC,JESSOP STEEL/WASHINGTON PLT,241986,JESSOP STEEL LLC/WASHINGTON PLT,278317,Y,Renewal,Title V Operating Permit,,ISSU,2024-09-12 00:00:00,2026-01-20 00:00:00,2031-01-20 00:00:00,1499800[63-00027]_Issued_v1.pdf
Southwest,Westmoreland,Derry Township,ATI FLAT ROLLED PROD HOLDINGS LLC,ATI FLAT ROLLED PRODUCTS HOLDINGS LLC/LATROBE,240994,ATI FLAT ROLLED PROD HOLDINGS LLC/LATROBE,244639,Y,Amendment,Title V Operating Permit,,ISSU,2017-02-02 00:00:00,2017-03-27 00:00:00,2019-03-06 00:00:00,1172803[65-00125]_Issued_v1.pdf
Southwest,Westmoreland,East Huntingdon Township,GREENRIDGE RECLAMATION LLC,GREENRIDGE RECLAMATION LDFL,49134,GREENRIDGE RECLAMATION LLC/E HUNTINGDON,518606,Y,Amendment,Title V Operating Permit,,ISSU,2024-03-11 00:00:00,2024-05-03 00:00:00,2025-09-14 00:00:00,1476595[65-00713]_Issued_v1.pdf
Southwest,Westmoreland,Export Borough,DURA BOND COATING INC,DURA BOND STEEL,253199,DURA BOND IND INC/EXPORT STEEL PLT,263045,Y,Renewal,Title V Operating Permit,,ISSU,2020-01-14 00:00:00,2021-08-10 00:00:00,2026-08-10 00:00:00,1301991[65-00053]_Issued_v1.pdf
Southwest,Westmoreland,Hempfield Township,EASTERN GAS TRANS & STORAGE INC,SOUTH OAKFORD COMPRESSOR STA,514951,EASTERN GAS TRANS & STORAGE INC/SOUTH OAKFORD STA,276148,Y,Amendment,Title V Operating Permit,,ISSU,2025-08-14 00:00:00,2025-09-10 00:00:00,2029-02-21 00:00:00,1538423[65-00840]_Issued_v1.pdf
Southwest,Westmoreland,Hempfield Township,GEN CARBIDE CORP,HEMPFIELD METAL POWDER PLT,243766,GEN CARBIDE CORP/HEMPFIELD,248383,Y,Renewal,Title V Operating Permit,,ISSU,2024-09-04 00:00:00,2026-01-22 00:00:00,2031-01-22 00:00:00,1498621[65-00622]_Issued_v1.pdf
Southwest,Westmoreland,Hempfield Township,KENNAMETAL INC,KENNAMETAL INC IRWIN FAC,253048,KENNAMENTAL INC/HEMPFIELD TWP,262740,N,Renewal,Title V Operating Permit,,ISSU,2010-03-01 00:00:00,2015-05-20 00:00:00,2020-05-20 00:00:00,826399[65-00720]_Issued_v1.pdf
Southwest,Westmoreland,Jeannette City,SURTECO NORTH AMER INC,SURTECO NORTH AMER INC JEANNETTE FAC,241611,SURTECO NORTH AMER INC/JEANNETTE PLT,272282,Y,Renewal,Title V Operating Permit,,ISSU,2024-08-02 00:00:00,2025-10-31 00:00:00,2030-10-31 00:00:00,1494392[65-00207]_Issued_v1.pdf
Southwest,Westmoreland,Latrobe City,LATROBE SPECIALTY METALS A CARPENTER CO,CARPENTER LATROBE SPECIALTY METALS,236435,LATROBE SPECIALTY METALS/ A CARPENTER CO,238451,Y,"Modification, Significant",Title V Operating Permit,,ISSU,2022-09-02 00:00:00,2022-11-30 00:00:00,2025-02-26 00:00:00,1410126[65-00016]_Issued_v1.pdf
Southwest,Westmoreland,Latrobe City,LEHIGH SPECIALTY MELTING INC,LEHIGH SPECIALTY MELTING INC,2874,LEHIGH SPECIALTY MELTING/LATROBE,280828,Y,Renewal,Title V Operating Permit,,ISSU,2023-05-24 00:00:00,2024-10-17 00:00:00,2029-10-17 00:00:00,1442027[65-00028]_Issued_v1.pdf
Southwest,Westmoreland,Monessen City,CLEVELAND CLIFFS MONESSEN COKE LLC,CLEVELAND CLIFFS MONESSEN COKE LLC,249647,CLEVELAND CLIFFS MONESSEN COKE LLC/MONESSEN COKE PLT,256899,Y,Renewal,Title V Operating Permit,,ISSU,2018-07-19 00:00:00,2020-04-22 00:00:00,2025-04-22 00:00:00,1237872[65-00853]_Issued_v1.pdf
Southwest,Westmoreland,Penn Township,USA VALLEY FAC INC,USA VALLEY FAC INC,241218,USA VALLEY FAC INC/VALLEY LDFL,549691,Y,Renewal,Title V Operating Permit,,ISSU,2021-06-10 00:00:00,2022-07-08 00:00:00,2027-07-08 00:00:00,1359722[65-00693]_Issued_v1.pdf
Southwest,Westmoreland,Rostraver Township,WESTMORELAND SANI LDFL LLC,SANITARY LANDFILL,239963,WESTMORELAND SANITARY LDFL LLC/BELLE VERNON,514148,Y,Renewal,Title V Operating Permit,,ISSU,2021-11-01 00:00:00,2025-06-30 00:00:00,2030-06-30 00:00:00,1378160[65-00767]_Issued_v2.pdf
Southwest,Westmoreland,Salem Township,EASTERN GAS TRANS & STORAGE INC,ROCK SPRINGS COMP STA,699329,EASTERN GAS TRANS & STORAG INC/ROCK SPRINGS COMP STA,701239,Y,Renewal,Title V Operating Permit,,ISSU,2023-04-19 00:00:00,2024-10-10 00:00:00,2029-10-10 00:00:00,1436451[65-00983]_Issued_v1.pdf
Southwest,Westmoreland,Salem Township,EASTERN GAS TRANS & STORAGE INC,OAKFORD COMPRESSOR STA,249781,EASTERN GAS TRANS & STORAGE INC/OAKFORD COMPRESSOR STA,495643,Y,Renewal,Title V Operating Permit,,ISSU,2023-04-13 00:00:00,2024-05-22 00:00:00,2029-05-22 00:00:00,1435723[65-00837]_Issued_v1.pdf
Southwest,Westmoreland,Salem Township,ENERGY TRANSFER MKT & TERM LP,ENERGY TRANSFER MARKETING & TERM DELMONT TERMINAL,236458,ENERGY TRANSFER M&T/DELMONT FACILITY,238482,Y,Modification,Title V Operating Permit,,ISSU,2023-02-09 00:00:00,2024-03-11 00:00:00,2027-03-11 00:00:00,1427121[65-00354]_Issued_v1.pdf
Southwest,Westmoreland,Salem Township,TEXAS EASTERN TRANS LP,DELMONT COMP STA,775780,TEXAS EASTERN TRANS LP/TE DELMONT COMP STA,275643,Y,Amendment,Title V Operating Permit,,ISSU,2025-06-27 00:00:00,2025-07-03 00:00:00,2030-04-24 00:00:00,1532109[65-00839]_Issued_v1.pdf
Southwest,Westmoreland,Scottdale Borough,ALLEIMA PRECISION TUBE LLC,ALLEIMA PRECISION TUBE LLC,247398,ALLEIMA PRECISION TUBE LLC/SCOTTDALE PLT,492577,Y,Renewal,Title V Operating Permit,,ISSU,2022-03-07 00:00:00,2022-12-27 00:00:00,2027-12-27 00:00:00,1415820[65-00173]_Issued_v1.pdf
Southwest,Westmoreland,Vandergrift Borough,ATI FLAT ROLLED PROD HOLDINGS LLC,ATI FLAT ROLLED PROD HOLDINGS LLC/VANDERGRIFT,192917,ATI FLAT ROLLED PRODUCTS HOLDINGS LLC/VANDERGRIFT,194932,Y,Renewal,Title V Operating Permit,,ISSU,2024-09-12 00:00:00,2026-01-20 00:00:00,2031-01-20 00:00:00,1499814[65-00137]_Issued_v1.pdf
